"file"	"line"	"classification"	"matched_tokens"
"frontend/src/lib/auth-client.ts"	"33"	"BOOTSTRAP_CHANNEL"	"realm_access"
"frontend/src/lib/auth-client.ts"	"35"	"BOOTSTRAP_CHANNEL"	"realm_access"
"frontend/src/lib/auth-client.ts"	"40"	"BOOTSTRAP_CHANNEL"	"realm_access"
"frontend/src/lib/portal-role-access.ts"	"3"	"BOOTSTRAP_CHANNEL+CLIENT_PRESENTATION"	"roleMap"
"frontend/src/lib/portal-role-access.ts"	"4"	"BOOTSTRAP_CHANNEL+CLIENT_PRESENTATION"	"PATIENT_REPRESENTATIVE"
"frontend/src/lib/portal-role-access.ts"	"5"	"BOOTSTRAP_CHANNEL+LEAD_ESCALATION+CLIENT_PRESENTATION"	"COORDINATOR_LEAD"
"frontend/src/lib/portal-role-access.ts"	"7"	"BOOTSTRAP_CHANNEL+LEAD_ESCALATION+CLIENT_PRESENTATION"	"OPERATIONS_LEAD"
"frontend/src/lib/portal-role-access.ts"	"8"	"BOOTSTRAP_CHANNEL+LEAD_ESCALATION+CLIENT_PRESENTATION"	"FINANCE_LEAD"
"frontend/src/lib/portal-role-access.ts"	"9"	"BOOTSTRAP_CHANNEL+CLIENT_PRESENTATION"	"CREDENTIALING_ADMIN, SYSTEM_ADMIN"
"frontend/src/lib/portal-role-access.ts"	"10"	"BOOTSTRAP_CHANNEL+CLIENT_PRESENTATION"	"PATIENT_IDENTITY_REVIEWER, SYSTEM_ADMIN"
"frontend/src/lib/portal-role-access.ts"	"13"	"BOOTSTRAP_CHANNEL+CLIENT_PRESENTATION"	"workforceRoles"
"frontend/src/lib/portal-role-access.ts"	"14"	"BOOTSTRAP_CHANNEL+LEAD_ESCALATION+CLIENT_PRESENTATION"	"COORDINATOR_LEAD, OPERATIONS_LEAD"
"frontend/src/lib/portal-role-access.ts"	"15"	"BOOTSTRAP_CHANNEL+LEAD_ESCALATION+CLIENT_PRESENTATION"	"FINANCE_LEAD, CREDENTIALING_ADMIN, SYSTEM_ADMIN, PATIENT_IDENTITY_REVIEWER"
"frontend/src/lib/portal-role-access.ts"	"20"	"BOOTSTRAP_CHANNEL+CLIENT_PRESENTATION"	"roles.some, workforceRoles"
"frontend/src/lib/portal-role-access.ts"	"21"	"BOOTSTRAP_CHANNEL+CLIENT_PRESENTATION"	"roleMap, roles.includes"
"backend/src/main/java/com/rehletshifaa/security/ActorRole.java"	"3"	"BOOTSTRAP_CHANNEL"	"ActorRole"
"backend/src/main/java/com/rehletshifaa/security/ActorRole.java"	"4"	"BOOTSTRAP_CHANNEL+LEAD_ESCALATION"	"PATIENT_REPRESENTATIVE, COORDINATOR_LEAD"
"backend/src/main/java/com/rehletshifaa/security/ActorRole.java"	"8"	"BOOTSTRAP_CHANNEL+LEAD_ESCALATION"	"OPERATIONS_LEAD, FINANCE_LEAD, CREDENTIALING_ADMIN, SYSTEM_ADMIN"
"backend/src/main/java/com/rehletshifaa/security/ActorRole.java"	"10"	"BOOTSTRAP_CHANNEL"	"CREDENTIALING_ADMIN"
"backend/src/main/java/com/rehletshifaa/security/ActorRole.java"	"11"	"BOOTSTRAP_CHANNEL"	"PATIENT_IDENTITY_REVIEWER"
"backend/src/main/java/com/rehletshifaa/security/SecurityConfig.java"	"13"	"BOOTSTRAP_CHANNEL"	"hasAnyRole, PATIENT_REPRESENTATIVE"
"backend/src/main/java/com/rehletshifaa/security/SecurityConfig.java"	"14"	"BOOTSTRAP_CHANNEL+LEAD_ESCALATION"	"hasAnyRole, COORDINATOR_LEAD"
"backend/src/main/java/com/rehletshifaa/security/SecurityConfig.java"	"15"	"BOOTSTRAP_CHANNEL"	"hasRole"
"backend/src/main/java/com/rehletshifaa/security/SecurityConfig.java"	"16"	"BOOTSTRAP_CHANNEL+LEAD_ESCALATION"	"hasAnyRole, OPERATIONS_LEAD"
"backend/src/main/java/com/rehletshifaa/security/SecurityConfig.java"	"17"	"BOOTSTRAP_CHANNEL+LEAD_ESCALATION"	"hasAnyRole, FINANCE_LEAD"
"backend/src/main/java/com/rehletshifaa/security/SecurityConfig.java"	"18"	"BOOTSTRAP_CHANNEL"	"hasAnyRole, PATIENT_IDENTITY_REVIEWER, SYSTEM_ADMIN"
"backend/src/main/java/com/rehletshifaa/security/SecurityConfig.java"	"21"	"BOOTSTRAP_CHANNEL"	"hasAnyRole, CREDENTIALING_ADMIN, SYSTEM_ADMIN"
"backend/src/main/java/com/rehletshifaa/security/ActorContext.java"	"17"	"BOOTSTRAP_CHANNEL"	"ActorContext"
"backend/src/main/java/com/rehletshifaa/security/ActorContext.java"	"21"	"BOOTSTRAP_CHANNEL"	"ActorRole, ROLE_"
"backend/src/main/java/com/rehletshifaa/security/ActorContext.java"	"22"	"BOOTSTRAP_CHANNEL+BUSINESS_PERMISSION"	"ActorRole"
"backend/src/main/java/com/rehletshifaa/security/ActorContext.java"	"23"	"BOOTSTRAP_CHANNEL"	"ROLE_"
"backend/src/main/java/com/rehletshifaa/security/ActorContext.java"	"32"	"BOOTSTRAP_CHANNEL+BUSINESS_PERMISSION"	"ActorRole"
"backend/src/main/java/com/rehletshifaa/security/ActorContext.java"	"38"	"BOOTSTRAP_CHANNEL+BUSINESS_PERMISSION"	"ActorRole"
"backend/src/main/java/com/rehletshifaa/security/ActorContext.java"	"55"	"BOOTSTRAP_CHANNEL+BUSINESS_PERMISSION"	"ActorRole"
"backend/src/main/java/com/rehletshifaa/security/ActorContext.java"	"57"	"BOOTSTRAP_CHANNEL"	"ActorRole"
"backend/src/main/java/com/rehletshifaa/security/ActorContext.java"	"58"	"BOOTSTRAP_CHANNEL"	"ActorRole"
"backend/src/main/java/com/rehletshifaa/security/JwtRoleConverter.java"	"14"	"BOOTSTRAP_CHANNEL"	"realm_access"
"backend/src/main/java/com/rehletshifaa/security/JwtRoleConverter.java"	"18"	"BOOTSTRAP_CHANNEL"	"ROLE_"
"backend/src/main/java/com/rehletshifaa/security/JwtRoleConverter.java"	"22"	"BOOTSTRAP_CHANNEL+BUSINESS_PERMISSION"	"ActorRole"
"backend/src/main/java/com/rehletshifaa/journey/application/CaseActionService.java"	"5"	"WORKFLOW_RESOURCE"	"ActorContext"
"backend/src/main/java/com/rehletshifaa/journey/application/CaseActionService.java"	"6"	"WORKFLOW_RESOURCE"	"ActorRole"
"backend/src/main/java/com/rehletshifaa/journey/application/CaseActionService.java"	"74"	"WORKFLOW_RESOURCE"	"ActorContext"
"backend/src/main/java/com/rehletshifaa/journey/application/CaseActionService.java"	"84"	"WORKFLOW_RESOURCE+BUSINESS_PERMISSION"	"ActorRole, PATIENT_REPRESENTATIVE"
"backend/src/main/java/com/rehletshifaa/journey/application/CaseActionService.java"	"87"	"WORKFLOW_RESOURCE+LEAD_ESCALATION+BUSINESS_PERMISSION"	"ActorRole, COORDINATOR_LEAD"
"backend/src/main/java/com/rehletshifaa/journey/application/CaseActionService.java"	"149"	"WORKFLOW_RESOURCE"	"ActorContext"
"backend/src/main/java/com/rehletshifaa/journey/application/CaseActionService.java"	"166"	"WORKFLOW_RESOURCE"	"ActorContext"
"backend/src/main/java/com/rehletshifaa/journey/application/CaseActionService.java"	"181"	"WORKFLOW_RESOURCE+BUSINESS_PERMISSION"	"ActorRole"
"backend/src/main/java/com/rehletshifaa/journey/application/CaseActionService.java"	"182"	"WORKFLOW_RESOURCE+BUSINESS_PERMISSION"	"ActorRole"
"backend/src/main/java/com/rehletshifaa/journey/application/CaseActionService.java"	"183"	"WORKFLOW_RESOURCE+BUSINESS_PERMISSION"	"ActorRole"
"backend/src/main/java/com/rehletshifaa/journey/application/CaseActionService.java"	"344"	"WORKFLOW_RESOURCE"	"ActorContext"
"backend/src/main/java/com/rehletshifaa/document/application/SecureDocumentService.java"	"6"	"BUSINESS_PERMISSION"	"ActorContext"
"backend/src/main/java/com/rehletshifaa/document/application/SecureDocumentService.java"	"21"	"BUSINESS_PERMISSION"	"ActorContext"
"backend/src/main/java/com/rehletshifaa/document/application/SecureDocumentService.java"	"22"	"BUSINESS_PERMISSION"	"ActorContext"
"backend/src/main/java/com/rehletshifaa/document/application/SecureDocumentService.java"	"25"	"BUSINESS_PERMISSION"	"actors.current"
"backend/src/main/java/com/rehletshifaa/journey/application/CareCategoryCatalog.java"	"15"	"BUSINESS_PERMISSION"	"actors.require"
"backend/src/main/java/com/rehletshifaa/journey/api/DoctorJourneyController.java"	"2"	"BUSINESS_PERMISSION"	"ActorRole"
"backend/src/main/java/com/rehletshifaa/journey/api/DoctorJourneyController.java"	"9"	"BUSINESS_PERMISSION"	"ActorRole"
"backend/src/main/java/com/rehletshifaa/shared/config/LocalDemoDataSeeder.java"	"28"	"LEAD_ESCALATION"	"COORDINATOR_LEAD"
"backend/src/main/java/com/rehletshifaa/journey/api/IdentityReviewController.java"	"14"	"BUSINESS_PERMISSION"	"PATIENT_IDENTITY_REVIEWER, CREDENTIALING_ADMIN"
"backend/src/main/java/com/rehletshifaa/journey/api/FinanceJourneyController.java"	"2"	"BUSINESS_PERMISSION"	"ActorRole"
"backend/src/main/java/com/rehletshifaa/journey/api/FinanceJourneyController.java"	"14"	"BUSINESS_PERMISSION"	"ActorRole"
"backend/src/main/java/com/rehletshifaa/journey/api/FinanceJourneyController.java"	"16"	"WORKFLOW_RESOURCE+BUSINESS_PERMISSION"	"ActorRole"
"backend/src/main/java/com/rehletshifaa/journey/api/JourneyDtos.java"	"52"	"LEAD_ESCALATION"	"COORDINATOR_LEAD, OPERATIONS_LEAD, FINANCE_LEAD"
"backend/src/main/java/com/rehletshifaa/journey/api/OperationsJourneyController.java"	"2"	"BUSINESS_PERMISSION"	"ActorRole"
"backend/src/main/java/com/rehletshifaa/journey/api/OperationsJourneyController.java"	"6"	"BUSINESS_PERMISSION"	"ActorRole"
"backend/src/main/java/com/rehletshifaa/journey/api/OperationsJourneyController.java"	"8"	"WORKFLOW_RESOURCE+BUSINESS_PERMISSION"	"ActorRole"
"frontend/src/components/CaseForm.tsx"	"53"	"CLIENT_PRESENTATION"	"roles.includes"
"backend/src/main/java/com/rehletshifaa/journey/application/StaffWorkService.java"	"5"	"WORKFLOW_RESOURCE"	"ActorContext"
"backend/src/main/java/com/rehletshifaa/journey/application/StaffWorkService.java"	"6"	"WORKFLOW_RESOURCE"	"ActorRole"
"backend/src/main/java/com/rehletshifaa/journey/application/StaffWorkService.java"	"48"	"WORKFLOW_RESOURCE"	"ActorContext"
"backend/src/main/java/com/rehletshifaa/journey/application/StaffWorkService.java"	"54"	"WORKFLOW_RESOURCE"	"ActorContext"
"backend/src/main/java/com/rehletshifaa/journey/application/StaffWorkService.java"	"132"	"WORKFLOW_RESOURCE+LEAD_ESCALATION+BUSINESS_PERMISSION"	"actors.require, ActorRole, COORDINATOR_LEAD"
"backend/src/main/java/com/rehletshifaa/journey/application/StaffWorkService.java"	"133"	"WORKFLOW_RESOURCE+BUSINESS_PERMISSION"	"ActorRole"
"backend/src/main/java/com/rehletshifaa/journey/application/StaffWorkService.java"	"174"	"WORKFLOW_RESOURCE"	"actors.current"
"backend/src/main/java/com/rehletshifaa/journey/application/StaffWorkService.java"	"187"	"WORKFLOW_RESOURCE"	"actors.current"
"backend/src/main/java/com/rehletshifaa/journey/application/StaffWorkService.java"	"255"	"WORKFLOW_RESOURCE+BUSINESS_PERMISSION"	"ActorRole"
"backend/src/main/java/com/rehletshifaa/journey/application/StaffWorkService.java"	"260"	"WORKFLOW_RESOURCE+BUSINESS_PERMISSION"	"ActorRole"
"backend/src/main/java/com/rehletshifaa/journey/application/CommercialPolicyService.java"	"4"	"BUSINESS_PERMISSION"	"ActorContext"
"backend/src/main/java/com/rehletshifaa/journey/application/CommercialPolicyService.java"	"5"	"BUSINESS_PERMISSION"	"ActorRole"
"backend/src/main/java/com/rehletshifaa/journey/application/CommercialPolicyService.java"	"32"	"BUSINESS_PERMISSION"	"ActorContext"
"backend/src/main/java/com/rehletshifaa/journey/application/CommercialPolicyService.java"	"37"	"BUSINESS_PERMISSION"	"ActorContext"
"backend/src/main/java/com/rehletshifaa/journey/application/CommercialPolicyService.java"	"56"	"BUSINESS_PERMISSION"	"actors.require, ActorRole, CREDENTIALING_ADMIN, SYSTEM_ADMIN"
"backend/src/main/java/com/rehletshifaa/journey/application/CommercialPolicyService.java"	"65"	"BUSINESS_PERMISSION"	"actors.requireRecentAuthentication, ActorRole, SYSTEM_ADMIN"
"backend/src/main/java/com/rehletshifaa/journey/application/PricingCatalogService.java"	"4"	"BUSINESS_PERMISSION"	"ActorContext"
"backend/src/main/java/com/rehletshifaa/journey/application/PricingCatalogService.java"	"5"	"BUSINESS_PERMISSION"	"ActorRole"
"backend/src/main/java/com/rehletshifaa/journey/application/PricingCatalogService.java"	"29"	"BUSINESS_PERMISSION"	"ActorContext"
"backend/src/main/java/com/rehletshifaa/journey/application/PricingCatalogService.java"	"35"	"BUSINESS_PERMISSION"	"ActorContext"
"backend/src/main/java/com/rehletshifaa/journey/application/PricingCatalogService.java"	"41"	"BUSINESS_PERMISSION"	"actors.require, ActorRole, CREDENTIALING_ADMIN, SYSTEM_ADMIN"
"backend/src/main/java/com/rehletshifaa/journey/application/PricingCatalogService.java"	"50"	"BUSINESS_PERMISSION"	"actors.require, ActorRole, CREDENTIALING_ADMIN, SYSTEM_ADMIN"
"backend/src/main/java/com/rehletshifaa/journey/application/PricingCatalogService.java"	"56"	"BUSINESS_PERMISSION"	"actors.require, ActorRole, SYSTEM_ADMIN"
"backend/src/main/java/com/rehletshifaa/journey/application/PricingCatalogService.java"	"57"	"BUSINESS_PERMISSION"	"actors.require, ActorRole, SYSTEM_ADMIN"
"backend/src/main/java/com/rehletshifaa/journey/application/PricingCatalogService.java"	"58"	"BUSINESS_PERMISSION"	"actors.require, ActorRole, SYSTEM_ADMIN"
"backend/src/main/java/com/rehletshifaa/journey/application/PricingCatalogService.java"	"62"	"BUSINESS_PERMISSION"	"actors.require, ActorRole, CREDENTIALING_ADMIN, SYSTEM_ADMIN"
"backend/src/main/java/com/rehletshifaa/journey/application/PricingCatalogService.java"	"68"	"BUSINESS_PERMISSION"	"actors.require, ActorRole, CREDENTIALING_ADMIN, SYSTEM_ADMIN"
"backend/src/main/java/com/rehletshifaa/journey/application/PricingCatalogService.java"	"75"	"BUSINESS_PERMISSION"	"actors.require, ActorRole, CREDENTIALING_ADMIN, SYSTEM_ADMIN"
"backend/src/main/java/com/rehletshifaa/journey/application/PricingCatalogService.java"	"90"	"BUSINESS_PERMISSION"	"actors.require, ActorRole, CREDENTIALING_ADMIN, SYSTEM_ADMIN"
"backend/src/main/java/com/rehletshifaa/journey/application/PricingCatalogService.java"	"101"	"BUSINESS_PERMISSION"	"actors.require, ActorRole, CREDENTIALING_ADMIN, SYSTEM_ADMIN"
"backend/src/main/java/com/rehletshifaa/journey/application/PricingCatalogService.java"	"115"	"BUSINESS_PERMISSION"	"actors.require, ActorRole, CREDENTIALING_ADMIN, SYSTEM_ADMIN"
"backend/src/main/java/com/rehletshifaa/journey/application/PricingCatalogService.java"	"129"	"BUSINESS_PERMISSION"	"actors.require, ActorRole, CREDENTIALING_ADMIN, SYSTEM_ADMIN"
"backend/src/main/java/com/rehletshifaa/journey/application/PricingCatalogService.java"	"179"	"BUSINESS_PERMISSION"	"actors.require, ActorRole, CREDENTIALING_ADMIN, SYSTEM_ADMIN"
"backend/src/main/java/com/rehletshifaa/journey/application/PricingCatalogService.java"	"251"	"BUSINESS_PERMISSION"	"actors.require, ActorRole"
"backend/src/main/java/com/rehletshifaa/journey/application/PricingCatalogService.java"	"262"	"LEAD_ESCALATION+BUSINESS_PERMISSION"	"actors.require, ActorRole, COORDINATOR_LEAD, CREDENTIALING_ADMIN, SYSTEM_ADMIN"
"backend/src/main/java/com/rehletshifaa/journey/application/PricingCatalogService.java"	"269"	"BUSINESS_PERMISSION"	"actors.require, ActorRole, CREDENTIALING_ADMIN, SYSTEM_ADMIN"
"backend/src/main/java/com/rehletshifaa/journey/application/PricingCatalogService.java"	"296"	"BUSINESS_PERMISSION"	"ActorContext"
"frontend/src/components/portal/CaseMessages.tsx"	"9"	"CLIENT_PRESENTATION"	"role=="
"frontend/src/components/portal/CaseMessages.tsx"	"13"	"CLIENT_PRESENTATION"	"role=="
"frontend/src/components/portal/CaseMessages.tsx"	"17"	"CLIENT_PRESENTATION"	"role=="
"frontend/src/components/portal/CaseMessages.tsx"	"21"	"CLIENT_PRESENTATION"	"role=="
"backend/src/main/java/com/rehletshifaa/journey/application/PatientAccountService.java"	"13"	"BUSINESS_PERMISSION"	"ActorContext"
"backend/src/main/java/com/rehletshifaa/journey/application/PatientAccountService.java"	"14"	"BUSINESS_PERMISSION"	"ActorRole"
"backend/src/main/java/com/rehletshifaa/journey/application/PatientAccountService.java"	"61"	"BUSINESS_PERMISSION"	"ActorContext"
"backend/src/main/java/com/rehletshifaa/journey/application/PatientAccountService.java"	"64"	"BUSINESS_PERMISSION"	"ActorContext"
"backend/src/main/java/com/rehletshifaa/journey/application/PatientAccountService.java"	"178"	"BUSINESS_PERMISSION"	"actors.require, ActorRole, PATIENT_REPRESENTATIVE"
"backend/src/main/java/com/rehletshifaa/journey/application/PatientAccountService.java"	"206"	"BUSINESS_PERMISSION"	"actors.require, ActorRole"
"backend/src/main/java/com/rehletshifaa/journey/application/PatientAccountService.java"	"243"	"BUSINESS_PERMISSION"	"actors.require, ActorRole, PATIENT_REPRESENTATIVE"
"backend/src/main/java/com/rehletshifaa/journey/application/PatientAccountService.java"	"258"	"BUSINESS_PERMISSION"	"actors.require, ActorRole, PATIENT_REPRESENTATIVE"
"backend/src/main/java/com/rehletshifaa/journey/application/PatientAccountService.java"	"310"	"BUSINESS_PERMISSION"	"PATIENT_REPRESENTATIVE"
"backend/src/main/java/com/rehletshifaa/journey/application/PatientAccountService.java"	"367"	"BUSINESS_PERMISSION"	"ActorContext"
"backend/src/main/java/com/rehletshifaa/journey/application/PatientAccountService.java"	"384"	"BUSINESS_PERMISSION"	"actors.require, ActorRole, PATIENT_REPRESENTATIVE"
"backend/src/main/java/com/rehletshifaa/journey/application/PortalExperienceService.java"	"3"	"BUSINESS_PERMISSION"	"ActorContext"
"backend/src/main/java/com/rehletshifaa/journey/application/PortalExperienceService.java"	"4"	"BUSINESS_PERMISSION"	"ActorRole"
"backend/src/main/java/com/rehletshifaa/journey/application/PortalExperienceService.java"	"20"	"BUSINESS_PERMISSION"	"ActorContext"
"backend/src/main/java/com/rehletshifaa/journey/application/PortalExperienceService.java"	"24"	"BUSINESS_PERMISSION"	"ActorContext"
"backend/src/main/java/com/rehletshifaa/journey/application/PortalExperienceService.java"	"36"	"BUSINESS_PERMISSION"	"actors.current"
"backend/src/main/java/com/rehletshifaa/journey/application/PortalExperienceService.java"	"43"	"BUSINESS_PERMISSION"	"actors.current"
"backend/src/main/java/com/rehletshifaa/journey/application/PortalExperienceService.java"	"54"	"BUSINESS_PERMISSION"	"actors.require, ActorRole, SYSTEM_ADMIN, CREDENTIALING_ADMIN"
"backend/src/main/java/com/rehletshifaa/journey/application/PortalExperienceService.java"	"58"	"WORKFLOW_RESOURCE+LEAD_ESCALATION"	"COORDINATOR_LEAD, OPERATIONS_LEAD, FINANCE_LEAD"
"backend/src/main/java/com/rehletshifaa/journey/application/PortalExperienceService.java"	"71"	"LEAD_ESCALATION"	"ActorContext"
"backend/src/main/java/com/rehletshifaa/journey/application/PortalExperienceService.java"	"80"	"BUSINESS_PERMISSION"	"actors.require, ActorRole, SYSTEM_ADMIN"
"backend/src/main/java/com/rehletshifaa/journey/application/PortalExperienceService.java"	"81"	"BUSINESS_PERMISSION"	"ActorRole"
"backend/src/main/java/com/rehletshifaa/journey/application/PortalExperienceService.java"	"103"	"LEAD_ESCALATION+BUSINESS_PERMISSION"	"ActorContext, ActorRole, COORDINATOR_LEAD, OPERATIONS_LEAD, FINANCE_LEAD"
"frontend/src/components/portal/CaseQueue.tsx"	"75"	"CLIENT_PRESENTATION"	"role=="
"backend/src/main/java/com/rehletshifaa/journey/application/IdentityVerificationService.java"	"4"	"BUSINESS_PERMISSION"	"ActorContext"
"backend/src/main/java/com/rehletshifaa/journey/application/IdentityVerificationService.java"	"5"	"BUSINESS_PERMISSION"	"ActorRole"
"backend/src/main/java/com/rehletshifaa/journey/application/IdentityVerificationService.java"	"24"	"BUSINESS_PERMISSION"	"PATIENT_IDENTITY_REVIEWER"
"backend/src/main/java/com/rehletshifaa/journey/application/IdentityVerificationService.java"	"28"	"BUSINESS_PERMISSION"	"ActorContext"
"backend/src/main/java/com/rehletshifaa/journey/application/IdentityVerificationService.java"	"31"	"BUSINESS_PERMISSION"	"ActorContext"
"backend/src/main/java/com/rehletshifaa/journey/application/IdentityVerificationService.java"	"37"	"BUSINESS_PERMISSION"	"actors.require, ActorRole, PATIENT_REPRESENTATIVE"
"backend/src/main/java/com/rehletshifaa/journey/application/IdentityVerificationService.java"	"59"	"BUSINESS_PERMISSION"	"actors.requireRecentAuthentication, ActorRole, PATIENT_IDENTITY_REVIEWER, SYSTEM_ADMIN"
"backend/src/main/java/com/rehletshifaa/journey/application/IdentityVerificationService.java"	"80"	"BUSINESS_PERMISSION"	"actors.require, ActorRole, PATIENT_IDENTITY_REVIEWER, SYSTEM_ADMIN"
"backend/src/main/java/com/rehletshifaa/journey/application/IdentityVerificationService.java"	"85"	"BUSINESS_PERMISSION"	"ActorContext"
"backend/src/main/java/com/rehletshifaa/journey/application/IdentityVerificationService.java"	"101"	"BUSINESS_PERMISSION"	"ActorContext"
"frontend/src/components/portal/CaseWorkflowActions.tsx"	"15"	"CLIENT_PRESENTATION"	"role=="
"frontend/src/components/portal/CaseWorkflowActions.tsx"	"16"	"CLIENT_PRESENTATION"	"role=="
"frontend/src/components/portal/CaseWorkflowActions.tsx"	"17"	"CLIENT_PRESENTATION"	"role=="
"backend/src/main/java/com/rehletshifaa/journey/application/PaymentService.java"	"4"	"BUSINESS_PERMISSION"	"ActorContext"
"backend/src/main/java/com/rehletshifaa/journey/application/PaymentService.java"	"5"	"BUSINESS_PERMISSION"	"ActorRole"
"backend/src/main/java/com/rehletshifaa/journey/application/PaymentService.java"	"31"	"BUSINESS_PERMISSION"	"ActorContext"
"backend/src/main/java/com/rehletshifaa/journey/application/PaymentService.java"	"35"	"BUSINESS_PERMISSION"	"ActorContext"
"backend/src/main/java/com/rehletshifaa/journey/application/PaymentService.java"	"130"	"BUSINESS_PERMISSION"	"actors.requireRecentAuthentication, ActorRole, SYSTEM_ADMIN"
"backend/src/main/java/com/rehletshifaa/journey/application/PaymentService.java"	"139"	"BUSINESS_PERMISSION"	"actors.requireRecentAuthentication, ActorRole, SYSTEM_ADMIN"
"backend/src/main/java/com/rehletshifaa/journey/application/PaymentService.java"	"149"	"BUSINESS_PERMISSION"	"actors.require, ActorRole, CREDENTIALING_ADMIN, SYSTEM_ADMIN"
"backend/src/main/java/com/rehletshifaa/journey/application/PaymentService.java"	"156"	"BUSINESS_PERMISSION"	"actors.requireRecentAuthentication, ActorRole, SYSTEM_ADMIN"
"backend/src/main/java/com/rehletshifaa/journey/application/PaymentService.java"	"224"	"BUSINESS_PERMISSION"	"actors.requireRecentAuthentication, ActorRole, SYSTEM_ADMIN"
"backend/src/main/java/com/rehletshifaa/journey/application/PaymentService.java"	"264"	"BUSINESS_PERMISSION"	"ActorContext"
"frontend/src/components/portal/CoordinatorActions.tsx"	"30"	"CLIENT_PRESENTATION"	"role =="
"frontend/src/components/portal/CoordinatorActions.tsx"	"31"	"CLIENT_PRESENTATION"	"role =="
"frontend/src/components/portal/CoordinatorActions.tsx"	"85"	"LEAD_ESCALATION+CLIENT_PRESENTATION"	"role =="
"backend/src/main/java/com/rehletshifaa/journey/application/PatientActionService.java"	"283"	"WORKFLOW_RESOURCE"	"role =="
"backend/src/main/java/com/rehletshifaa/journey/application/OnboardingService.java"	"4"	"BUSINESS_PERMISSION"	"ActorContext"
"backend/src/main/java/com/rehletshifaa/journey/application/OnboardingService.java"	"5"	"BUSINESS_PERMISSION"	"ActorRole"
"backend/src/main/java/com/rehletshifaa/journey/application/OnboardingService.java"	"27"	"BUSINESS_PERMISSION"	"ActorContext"
"backend/src/main/java/com/rehletshifaa/journey/application/OnboardingService.java"	"33"	"BUSINESS_PERMISSION"	"ActorContext"
"backend/src/main/java/com/rehletshifaa/journey/application/OnboardingService.java"	"60"	"BUSINESS_PERMISSION"	"actors.require, ActorRole, PATIENT_REPRESENTATIVE"
"backend/src/main/java/com/rehletshifaa/journey/application/OnboardingService.java"	"71"	"BUSINESS_PERMISSION"	"actors.require, ActorRole, PATIENT_REPRESENTATIVE"
"backend/src/main/java/com/rehletshifaa/journey/application/OnboardingService.java"	"96"	"BUSINESS_PERMISSION"	"actors.require, ActorRole, PATIENT_REPRESENTATIVE"
"backend/src/main/java/com/rehletshifaa/journey/application/OnboardingService.java"	"112"	"BUSINESS_PERMISSION"	"actors.require, ActorRole, PATIENT_REPRESENTATIVE"
"backend/src/main/java/com/rehletshifaa/journey/application/OnboardingService.java"	"172"	"BUSINESS_PERMISSION"	"ActorContext"
"frontend/src/components/portal/CurrentAction.tsx"	"34"	"CLIENT_PRESENTATION"	"role =="
"frontend/src/components/portal/CurrentAction.tsx"	"158"	"WORKFLOW_RESOURCE+CLIENT_PRESENTATION"	"role =="
"backend/src/main/java/com/rehletshifaa/journey/application/JourneyService.java"	"9"	"WORKFLOW_RESOURCE"	"ActorContext"
"backend/src/main/java/com/rehletshifaa/journey/application/JourneyService.java"	"10"	"WORKFLOW_RESOURCE"	"ActorRole"
"backend/src/main/java/com/rehletshifaa/journey/application/JourneyService.java"	"29"	"WORKFLOW_RESOURCE"	"ActorContext"
"backend/src/main/java/com/rehletshifaa/journey/application/JourneyService.java"	"42"	"WORKFLOW_RESOURCE"	"ActorContext"
"backend/src/main/java/com/rehletshifaa/journey/application/JourneyService.java"	"43"	"WORKFLOW_RESOURCE"	"actors.current"
"backend/src/main/java/com/rehletshifaa/journey/application/JourneyService.java"	"44"	"WORKFLOW_RESOURCE"	"actors.current"
"backend/src/main/java/com/rehletshifaa/journey/application/JourneyService.java"	"46"	"WORKFLOW_RESOURCE+BUSINESS_PERMISSION"	"actors.require, ActorRole, PATIENT_REPRESENTATIVE"
"backend/src/main/java/com/rehletshifaa/journey/application/JourneyService.java"	"50"	"WORKFLOW_RESOURCE+LEAD_ESCALATION+BUSINESS_PERMISSION"	"actors.require, ActorRole, COORDINATOR_LEAD"
"backend/src/main/java/com/rehletshifaa/journey/application/JourneyService.java"	"52"	"WORKFLOW_RESOURCE+LEAD_ESCALATION+BUSINESS_PERMISSION"	"ActorRole, COORDINATOR_LEAD"
"backend/src/main/java/com/rehletshifaa/journey/application/JourneyService.java"	"62"	"WORKFLOW_RESOURCE+LEAD_ESCALATION+BUSINESS_PERMISSION"	"actors.require, ActorRole, COORDINATOR_LEAD"
"backend/src/main/java/com/rehletshifaa/journey/application/JourneyService.java"	"72"	"WORKFLOW_RESOURCE+LEAD_ESCALATION+BUSINESS_PERMISSION"	"ActorRole, actors.require, role==, OPERATIONS_LEAD, FINANCE_LEAD"
"backend/src/main/java/com/rehletshifaa/journey/application/JourneyService.java"	"73"	"WORKFLOW_RESOURCE+LEAD_ESCALATION+BUSINESS_PERMISSION"	"actors.require, ActorRole, COORDINATOR_LEAD"
"backend/src/main/java/com/rehletshifaa/journey/application/JourneyService.java"	"74"	"WORKFLOW_RESOURCE+BUSINESS_PERMISSION"	"ActorRole, actors.require"
"backend/src/main/java/com/rehletshifaa/journey/application/JourneyService.java"	"81"	"WORKFLOW_RESOURCE"	"ActorRole"
"backend/src/main/java/com/rehletshifaa/journey/application/JourneyService.java"	"83"	"WORKFLOW_RESOURCE"	"actors.current"
"backend/src/main/java/com/rehletshifaa/journey/application/JourneyService.java"	"112"	"WORKFLOW_RESOURCE+LEAD_ESCALATION+BUSINESS_PERMISSION"	"actors.require, ActorRole, COORDINATOR_LEAD"
"backend/src/main/java/com/rehletshifaa/journey/application/JourneyService.java"	"113"	"WORKFLOW_RESOURCE+BUSINESS_PERMISSION"	"actors.require, ActorRole"
"backend/src/main/java/com/rehletshifaa/journey/application/JourneyService.java"	"114"	"WORKFLOW_RESOURCE+LEAD_ESCALATION+BUSINESS_PERMISSION"	"actors.require, ActorRole, COORDINATOR_LEAD"
"backend/src/main/java/com/rehletshifaa/journey/application/JourneyService.java"	"116"	"WORKFLOW_RESOURCE+LEAD_ESCALATION+BUSINESS_PERMISSION"	"actors.require, ActorRole, COORDINATOR_LEAD"
"backend/src/main/java/com/rehletshifaa/journey/application/JourneyService.java"	"117"	"WORKFLOW_RESOURCE+LEAD_ESCALATION+BUSINESS_PERMISSION"	"actors.require, ActorRole, COORDINATOR_LEAD, role=="
"backend/src/main/java/com/rehletshifaa/journey/application/JourneyService.java"	"118"	"WORKFLOW_RESOURCE"	"actors.current"
"backend/src/main/java/com/rehletshifaa/journey/application/JourneyService.java"	"119"	"WORKFLOW_RESOURCE+LEAD_ESCALATION+BUSINESS_PERMISSION"	"actors.current, ActorRole, COORDINATOR_LEAD"
"backend/src/main/java/com/rehletshifaa/journey/application/JourneyService.java"	"122"	"WORKFLOW_RESOURCE"	"actors.current"
"backend/src/main/java/com/rehletshifaa/journey/application/JourneyService.java"	"126"	"WORKFLOW_RESOURCE+BUSINESS_PERMISSION"	"ActorRole, PATIENT_REPRESENTATIVE"
"backend/src/main/java/com/rehletshifaa/journey/application/JourneyService.java"	"160"	"WORKFLOW_RESOURCE+LEAD_ESCALATION+BUSINESS_PERMISSION"	"actors.require, ActorRole, COORDINATOR_LEAD, SYSTEM_ADMIN"
"backend/src/main/java/com/rehletshifaa/journey/application/JourneyService.java"	"162"	"WORKFLOW_RESOURCE+LEAD_ESCALATION+BUSINESS_PERMISSION"	"actors.require, ActorRole, COORDINATOR_LEAD, SYSTEM_ADMIN"
"backend/src/main/java/com/rehletshifaa/journey/application/JourneyService.java"	"164"	"WORKFLOW_RESOURCE+LEAD_ESCALATION+BUSINESS_PERMISSION"	"actors.require, ActorRole, COORDINATOR_LEAD"
"backend/src/main/java/com/rehletshifaa/journey/application/JourneyService.java"	"166"	"WORKFLOW_RESOURCE+LEAD_ESCALATION+BUSINESS_PERMISSION"	"actors.require, ActorRole, COORDINATOR_LEAD, SYSTEM_ADMIN"
"backend/src/main/java/com/rehletshifaa/journey/application/JourneyService.java"	"168"	"WORKFLOW_RESOURCE+LEAD_ESCALATION+BUSINESS_PERMISSION"	"actors.require, ActorRole, COORDINATOR_LEAD, SYSTEM_ADMIN, role=="
"backend/src/main/java/com/rehletshifaa/journey/application/JourneyService.java"	"171"	"WORKFLOW_RESOURCE+BUSINESS_PERMISSION"	"role==, ActorRole"
"backend/src/main/java/com/rehletshifaa/journey/application/JourneyService.java"	"173"	"WORKFLOW_RESOURCE+LEAD_ESCALATION+BUSINESS_PERMISSION"	"role==, ActorRole"
"backend/src/main/java/com/rehletshifaa/journey/application/JourneyService.java"	"178"	"WORKFLOW_RESOURCE+BUSINESS_PERMISSION"	"role==, ActorRole"
"backend/src/main/java/com/rehletshifaa/journey/application/JourneyService.java"	"180"	"WORKFLOW_RESOURCE+BUSINESS_PERMISSION"	"role==, ActorRole"
"backend/src/main/java/com/rehletshifaa/journey/application/JourneyService.java"	"181"	"WORKFLOW_RESOURCE+LEAD_ESCALATION+BUSINESS_PERMISSION"	"role==, ActorRole"
"backend/src/main/java/com/rehletshifaa/journey/application/JourneyService.java"	"183"	"WORKFLOW_RESOURCE+BUSINESS_PERMISSION"	"role==, ActorRole"
"backend/src/main/java/com/rehletshifaa/journey/application/JourneyService.java"	"186"	"WORKFLOW_RESOURCE+BUSINESS_PERMISSION"	"actors.requireRecentAuthentication, ActorRole, actors.require"
"backend/src/main/java/com/rehletshifaa/journey/application/JourneyService.java"	"230"	"WORKFLOW_RESOURCE"	"ActorContext"
"backend/src/main/java/com/rehletshifaa/journey/application/JourneyService.java"	"251"	"WORKFLOW_RESOURCE+BUSINESS_PERMISSION"	"ActorRole"
"backend/src/main/java/com/rehletshifaa/journey/application/JourneyService.java"	"273"	"WORKFLOW_RESOURCE+LEAD_ESCALATION+BUSINESS_PERMISSION"	"actors.require, ActorRole, COORDINATOR_LEAD"
"backend/src/main/java/com/rehletshifaa/journey/application/JourneyService.java"	"274"	"WORKFLOW_RESOURCE+BUSINESS_PERMISSION"	"ActorRole"
"backend/src/main/java/com/rehletshifaa/journey/application/JourneyService.java"	"281"	"WORKFLOW_RESOURCE"	"ActorRole"
"backend/src/main/java/com/rehletshifaa/journey/application/JourneyService.java"	"282"	"WORKFLOW_RESOURCE+BUSINESS_PERMISSION"	"actors.require"
"backend/src/main/java/com/rehletshifaa/journey/application/JourneyService.java"	"290"	"WORKFLOW_RESOURCE+BUSINESS_PERMISSION"	"ActorRole"
"backend/src/main/java/com/rehletshifaa/journey/application/JourneyService.java"	"294"	"WORKFLOW_RESOURCE+BUSINESS_PERMISSION"	"ActorRole"
"backend/src/main/java/com/rehletshifaa/journey/application/JourneyService.java"	"306"	"WORKFLOW_RESOURCE"	"ActorContext"
"backend/src/main/java/com/rehletshifaa/journey/application/JourneyService.java"	"311"	"WORKFLOW_RESOURCE+BUSINESS_PERMISSION"	"ActorRole"
"backend/src/main/java/com/rehletshifaa/journey/application/JourneyService.java"	"317"	"WORKFLOW_RESOURCE"	"ROLE_"
"backend/src/main/java/com/rehletshifaa/journey/application/JourneyService.java"	"318"	"WORKFLOW_RESOURCE"	"ActorRole, ROLE_"
"backend/src/main/java/com/rehletshifaa/journey/application/JourneyService.java"	"319"	"WORKFLOW_RESOURCE+BUSINESS_PERMISSION"	"ActorRole, PATIENT_REPRESENTATIVE"
"backend/src/main/java/com/rehletshifaa/journey/application/JourneyService.java"	"320"	"WORKFLOW_RESOURCE+BUSINESS_PERMISSION"	"ActorRole"
"backend/src/main/java/com/rehletshifaa/journey/application/JourneyService.java"	"321"	"WORKFLOW_RESOURCE+BUSINESS_PERMISSION"	"ActorRole"
"backend/src/main/java/com/rehletshifaa/journey/application/JourneyService.java"	"322"	"WORKFLOW_RESOURCE+LEAD_ESCALATION+BUSINESS_PERMISSION"	"ActorRole, COORDINATOR_LEAD"
"backend/src/main/java/com/rehletshifaa/journey/application/JourneyService.java"	"323"	"WORKFLOW_RESOURCE+BUSINESS_PERMISSION"	"ActorRole, SYSTEM_ADMIN"
"backend/src/main/java/com/rehletshifaa/journey/application/JourneyService.java"	"324"	"WORKFLOW_RESOURCE+LEAD_ESCALATION+BUSINESS_PERMISSION"	"ActorContext, ActorRole, ROLE_, COORDINATOR_LEAD, SYSTEM_ADMIN"
"backend/src/main/java/com/rehletshifaa/journey/application/JourneyService.java"	"326"	"WORKFLOW_RESOURCE+BUSINESS_PERMISSION"	"actors.current, ActorRole, PATIENT_REPRESENTATIVE"
"backend/src/main/java/com/rehletshifaa/journey/application/JourneyService.java"	"328"	"WORKFLOW_RESOURCE"	"actors.current"
"backend/src/main/java/com/rehletshifaa/journey/application/JourneyService.java"	"330"	"WORKFLOW_RESOURCE+LEAD_ESCALATION+BUSINESS_PERMISSION"	"actors.require, ActorRole, COORDINATOR_LEAD"
"backend/src/main/java/com/rehletshifaa/journey/application/JourneyService.java"	"331"	"WORKFLOW_RESOURCE+LEAD_ESCALATION+BUSINESS_PERMISSION"	"actors.require, ActorRole, COORDINATOR_LEAD"
"backend/src/main/java/com/rehletshifaa/journey/application/JourneyService.java"	"332"	"WORKFLOW_RESOURCE"	"actors.current"
"backend/src/main/java/com/rehletshifaa/journey/application/JourneyService.java"	"333"	"WORKFLOW_RESOURCE+LEAD_ESCALATION+BUSINESS_PERMISSION"	"actors.current, ActorRole, COORDINATOR_LEAD, SYSTEM_ADMIN"
"backend/src/main/java/com/rehletshifaa/journey/application/JourneyService.java"	"334"	"WORKFLOW_RESOURCE+LEAD_ESCALATION+BUSINESS_PERMISSION"	"actors.require, ActorRole, COORDINATOR_LEAD, SYSTEM_ADMIN"
"backend/src/main/java/com/rehletshifaa/journey/application/JourneyService.java"	"343"	"WORKFLOW_RESOURCE+LEAD_ESCALATION+BUSINESS_PERMISSION"	"actors.require, ActorRole, COORDINATOR_LEAD, SYSTEM_ADMIN"
"backend/src/main/java/com/rehletshifaa/journey/application/JourneyService.java"	"345"	"WORKFLOW_RESOURCE+LEAD_ESCALATION+BUSINESS_PERMISSION"	"ActorRole, COORDINATOR_LEAD"
"backend/src/main/java/com/rehletshifaa/journey/application/JourneyService.java"	"361"	"WORKFLOW_RESOURCE+LEAD_ESCALATION+BUSINESS_PERMISSION"	"actors.require, ActorRole, COORDINATOR_LEAD"
"backend/src/main/java/com/rehletshifaa/journey/application/JourneyService.java"	"371"	"WORKFLOW_RESOURCE+LEAD_ESCALATION+BUSINESS_PERMISSION"	"actors.require, ActorRole, COORDINATOR_LEAD, SYSTEM_ADMIN"
"backend/src/main/java/com/rehletshifaa/journey/application/JourneyService.java"	"373"	"WORKFLOW_RESOURCE+LEAD_ESCALATION+BUSINESS_PERMISSION"	"ActorRole, COORDINATOR_LEAD"
"backend/src/main/java/com/rehletshifaa/journey/application/JourneyService.java"	"380"	"WORKFLOW_RESOURCE"	"ActorContext"
"backend/src/main/java/com/rehletshifaa/journey/application/JourneyService.java"	"386"	"WORKFLOW_RESOURCE+LEAD_ESCALATION+BUSINESS_PERMISSION"	"actors.require, ActorRole, COORDINATOR_LEAD, SYSTEM_ADMIN"
"backend/src/main/java/com/rehletshifaa/journey/application/JourneyService.java"	"389"	"WORKFLOW_RESOURCE+BUSINESS_PERMISSION"	"actors.require, ActorRole, SYSTEM_ADMIN"
"backend/src/main/java/com/rehletshifaa/journey/application/JourneyService.java"	"397"	"WORKFLOW_RESOURCE+BUSINESS_PERMISSION"	"actors.require, ActorRole, SYSTEM_ADMIN"
"backend/src/main/java/com/rehletshifaa/journey/application/JourneyService.java"	"398"	"WORKFLOW_RESOURCE+BUSINESS_PERMISSION"	"actors.require, ActorRole, SYSTEM_ADMIN"
"backend/src/main/java/com/rehletshifaa/journey/application/JourneyService.java"	"401"	"WORKFLOW_RESOURCE+BUSINESS_PERMISSION"	"actors.require, ActorRole, CREDENTIALING_ADMIN, SYSTEM_ADMIN"
"backend/src/main/java/com/rehletshifaa/journey/application/JourneyService.java"	"402"	"WORKFLOW_RESOURCE+BUSINESS_PERMISSION"	"actors.require, ActorRole, SYSTEM_ADMIN"
"backend/src/main/java/com/rehletshifaa/journey/application/JourneyService.java"	"403"	"WORKFLOW_RESOURCE+BUSINESS_PERMISSION"	"actors.require, ActorRole, SYSTEM_ADMIN"
"backend/src/main/java/com/rehletshifaa/journey/application/JourneyService.java"	"405"	"WORKFLOW_RESOURCE+BUSINESS_PERMISSION"	"actors.require, ActorRole, CREDENTIALING_ADMIN, SYSTEM_ADMIN"
"backend/src/main/java/com/rehletshifaa/journey/application/JourneyService.java"	"406"	"WORKFLOW_RESOURCE+BUSINESS_PERMISSION"	"actors.require, ActorRole, CREDENTIALING_ADMIN, SYSTEM_ADMIN"
"backend/src/main/java/com/rehletshifaa/journey/application/JourneyService.java"	"408"	"WORKFLOW_RESOURCE+BUSINESS_PERMISSION"	"actors.require, ActorRole"
"backend/src/main/java/com/rehletshifaa/journey/application/JourneyService.java"	"413"	"WORKFLOW_RESOURCE+BUSINESS_PERMISSION"	"actors.requireRecentAuthentication, ActorRole"
"backend/src/main/java/com/rehletshifaa/journey/application/JourneyService.java"	"416"	"WORKFLOW_RESOURCE+LEAD_ESCALATION+BUSINESS_PERMISSION"	"actors.require, ActorRole, COORDINATOR_LEAD"
"backend/src/main/java/com/rehletshifaa/journey/application/JourneyService.java"	"534"	"WORKFLOW_RESOURCE+BUSINESS_PERMISSION"	"actors.require, ActorRole"
"backend/src/main/java/com/rehletshifaa/journey/application/JourneyService.java"	"581"	"WORKFLOW_RESOURCE+BUSINESS_PERMISSION"	"ActorRole"
"backend/src/main/java/com/rehletshifaa/journey/application/JourneyService.java"	"589"	"WORKFLOW_RESOURCE+BUSINESS_PERMISSION"	"actors.require, ActorRole"
"backend/src/main/java/com/rehletshifaa/journey/application/JourneyService.java"	"590"	"WORKFLOW_RESOURCE+BUSINESS_PERMISSION"	"actors.requireRecentAuthentication, ActorRole"
"backend/src/main/java/com/rehletshifaa/journey/application/JourneyService.java"	"606"	"WORKFLOW_RESOURCE+LEAD_ESCALATION+BUSINESS_PERMISSION"	"actors.require, ActorRole, COORDINATOR_LEAD"
"backend/src/main/java/com/rehletshifaa/journey/application/JourneyService.java"	"625"	"WORKFLOW_RESOURCE+BUSINESS_PERMISSION"	"actors.requireRecentAuthentication, ActorRole"
"backend/src/main/java/com/rehletshifaa/journey/application/JourneyService.java"	"629"	"WORKFLOW_RESOURCE+BUSINESS_PERMISSION"	"actors.requireRecentAuthentication, ActorRole"
"backend/src/main/java/com/rehletshifaa/journey/application/JourneyService.java"	"640"	"WORKFLOW_RESOURCE+LEAD_ESCALATION+BUSINESS_PERMISSION"	"actors.require, ActorRole, COORDINATOR_LEAD"
"backend/src/main/java/com/rehletshifaa/journey/application/JourneyService.java"	"677"	"WORKFLOW_RESOURCE+LEAD_ESCALATION+BUSINESS_PERMISSION"	"actors.require, ActorRole, COORDINATOR_LEAD"
"backend/src/main/java/com/rehletshifaa/journey/application/JourneyService.java"	"701"	"WORKFLOW_RESOURCE+LEAD_ESCALATION+BUSINESS_PERMISSION"	"actors.require, ActorRole, COORDINATOR_LEAD"
"backend/src/main/java/com/rehletshifaa/journey/application/JourneyService.java"	"717"	"WORKFLOW_RESOURCE+BUSINESS_PERMISSION"	"actors.require, ActorRole"
"backend/src/main/java/com/rehletshifaa/journey/application/JourneyService.java"	"725"	"WORKFLOW_RESOURCE+BUSINESS_PERMISSION"	"actors.require, ActorRole"
"backend/src/main/java/com/rehletshifaa/journey/application/JourneyService.java"	"733"	"WORKFLOW_RESOURCE+BUSINESS_PERMISSION"	"actors.require, ActorRole"
"backend/src/main/java/com/rehletshifaa/journey/application/JourneyService.java"	"741"	"WORKFLOW_RESOURCE+BUSINESS_PERMISSION"	"actors.require, ActorRole"
"backend/src/main/java/com/rehletshifaa/journey/application/JourneyService.java"	"750"	"WORKFLOW_RESOURCE+BUSINESS_PERMISSION"	"actors.require, ActorRole"
"backend/src/main/java/com/rehletshifaa/journey/application/JourneyService.java"	"813"	"WORKFLOW_RESOURCE"	"PATIENT_REPRESENTATIVE"
"backend/src/main/java/com/rehletshifaa/journey/application/JourneyService.java"	"817"	"WORKFLOW_RESOURCE"	"ActorContext"
"backend/src/main/java/com/rehletshifaa/journey/application/JourneyService.java"	"818"	"WORKFLOW_RESOURCE+LEAD_ESCALATION"	"COORDINATOR_LEAD, OPERATIONS_LEAD, FINANCE_LEAD"
"backend/src/main/java/com/rehletshifaa/journey/application/JourneyService.java"	"821"	"WORKFLOW_RESOURCE+LEAD_ESCALATION+BUSINESS_PERMISSION"	"ActorContext, ActorRole, PATIENT_REPRESENTATIVE, SYSTEM_ADMIN, COORDINATOR_LEAD"
"backend/src/main/java/com/rehletshifaa/journey/application/JourneyService.java"	"825"	"WORKFLOW_RESOURCE+LEAD_ESCALATION+BUSINESS_PERMISSION"	"ActorContext, ActorRole, SYSTEM_ADMIN, PATIENT_REPRESENTATIVE"
"backend/src/main/java/com/rehletshifaa/journey/application/JourneyService.java"	"826"	"WORKFLOW_RESOURCE+BUSINESS_PERMISSION"	"ActorContext, ActorRole"
"backend/src/main/java/com/rehletshifaa/journey/application/JourneyService.java"	"827"	"WORKFLOW_RESOURCE+LEAD_ESCALATION+BUSINESS_PERMISSION"	"ActorContext, ActorRole, SYSTEM_ADMIN, COORDINATOR_LEAD"
"backend/src/main/java/com/rehletshifaa/journey/application/JourneyService.java"	"828"	"WORKFLOW_RESOURCE"	"ActorContext"
"backend/src/main/java/com/rehletshifaa/journey/application/JourneyService.java"	"829"	"WORKFLOW_RESOURCE"	"ActorContext"
"backend/src/main/java/com/rehletshifaa/journey/application/JourneyService.java"	"841"	"WORKFLOW_RESOURCE"	"ActorContext, ActorRole"
"backend/src/main/java/com/rehletshifaa/journey/application/JourneyService.java"	"845"	"WORKFLOW_RESOURCE"	"ActorContext"
"backend/src/main/java/com/rehletshifaa/journey/application/JourneyService.java"	"847"	"WORKFLOW_RESOURCE+BUSINESS_PERMISSION"	"ActorRole"
"backend/src/main/java/com/rehletshifaa/journey/application/JourneyService.java"	"848"	"WORKFLOW_RESOURCE+BUSINESS_PERMISSION"	"ActorContext, ActorRole, PATIENT_REPRESENTATIVE"
"backend/src/main/java/com/rehletshifaa/journey/application/JourneyService.java"	"854"	"WORKFLOW_RESOURCE"	"ActorContext"
"frontend/src/components/portal/JourneySnapshot.tsx"	"187"	"LEAD_ESCALATION+CLIENT_PRESENTATION"	"COORDINATOR_LEAD"
"frontend/src/components/portal/RoleDashboardSummary.tsx"	"21"	"CLIENT_PRESENTATION"	"role =="
"frontend/src/components/portal/RoleDashboardSummary.tsx"	"24"	"CLIENT_PRESENTATION"	"role =="
"frontend/src/components/portal/RoleDashboardSummary.tsx"	"25"	"CLIENT_PRESENTATION"	"role =="
"frontend/src/components/portal/RoleDashboardSummary.tsx"	"47"	"CLIENT_PRESENTATION"	"role =="
"frontend/src/components/portal/RoleDashboardSummary.tsx"	"53"	"CLIENT_PRESENTATION"	"role =="
"frontend/src/components/portal/RoleDashboardSummary.tsx"	"54"	"WORKFLOW_RESOURCE+CLIENT_PRESENTATION"	"role =="
"frontend/src/components/portal/Portal.tsx"	"102"	"CLIENT_PRESENTATION"	"roles.some, PATIENT_REPRESENTATIVE"
"frontend/src/components/portal/Portal.tsx"	"104"	"CLIENT_PRESENTATION"	"roles.some, PATIENT_REPRESENTATIVE"
"frontend/src/components/portal/Portal.tsx"	"140"	"CLIENT_PRESENTATION"	"roles.some, PATIENT_REPRESENTATIVE"
"frontend/src/components/portal/Portal.tsx"	"180"	"CLIENT_PRESENTATION"	"roles.includes, SYSTEM_ADMIN"
"frontend/src/components/portal/Portal.tsx"	"183"	"LEAD_ESCALATION+CLIENT_PRESENTATION"	"roles.includes, COORDINATOR_LEAD"
"frontend/src/components/portal/Portal.tsx"	"184"	"CLIENT_PRESENTATION"	"roles.some, PATIENT_REPRESENTATIVE"
"frontend/src/components/portal/Portal.tsx"	"188"	"LEAD_ESCALATION+CLIENT_PRESENTATION"	"roles.includes, COORDINATOR_LEAD"
"frontend/src/components/portal/Portal.tsx"	"189"	"LEAD_ESCALATION+CLIENT_PRESENTATION"	"roles.some, FINANCE_LEAD, SYSTEM_ADMIN"
"frontend/src/components/portal/Portal.tsx"	"211"	"CLIENT_PRESENTATION"	"role!="
"frontend/src/components/portal/Portal.tsx"	"213"	"CLIENT_PRESENTATION"	"role=="
"frontend/src/components/portal/Portal.tsx"	"214"	"CLIENT_PRESENTATION"	"role=="
"frontend/src/components/portal/Portal.tsx"	"219"	"CLIENT_PRESENTATION"	"role=="
"frontend/src/components/portal/Portal.tsx"	"242"	"CLIENT_PRESENTATION"	"role=="
"frontend/src/components/portal/Portal.tsx"	"248"	"CLIENT_PRESENTATION"	"role=="
"frontend/src/components/portal/Portal.tsx"	"586"	"LEAD_ESCALATION+CLIENT_PRESENTATION"	"role==, COORDINATOR_LEAD"
"frontend/src/components/portal/Portal.tsx"	"685"	"CLIENT_PRESENTATION"	"role=="
"frontend/src/components/portal/Portal.tsx"	"724"	"CLIENT_PRESENTATION"	"role=="
"frontend/src/components/portal/Portal.tsx"	"725"	"CLIENT_PRESENTATION"	"role=="
"frontend/src/components/portal/Portal.tsx"	"726"	"CLIENT_PRESENTATION"	"role=="
"frontend/src/components/portal/Portal.tsx"	"727"	"CLIENT_PRESENTATION"	"role=="
"frontend/src/components/portal/Portal.tsx"	"938"	"LEAD_ESCALATION+CLIENT_PRESENTATION"	"COORDINATOR_LEAD, OPERATIONS_LEAD, FINANCE_LEAD"
