"Product Behavior","Use Case","Test Case(s)","Automated Test","Execution Result","Defect"
"Open Home and activate Start my case","UC-PUB-001","TC-PUB-001","Automated UI","PASS",""
"Open Care Areas and each cardiology/orthopedics/rehabilitation pathway","UC-PUB-001","TC-PUB-002","Automated UI","PASS",""
"Open How It Works","UC-PUB-001","TC-PUB-003","Automated UI","PASS",""
"Open Consultants and a consultant profile","UC-PUB-001","TC-PUB-004","Automated UI","PASS",""
"Open Check case status","UC-PUB-001","TC-PUB-005","Automated UI","PASS",""
"Open Sign in","UC-PUB-001","TC-PUB-006","Automated UI","PASS",""
"Switch English to Arabic and back","UC-PUB-001","TC-PUB-007","Automated UI","PASS",""
"Use desktop navigation active state","UC-PUB-001","TC-PUB-008","Automated UI","PASS",""
"Use mobile menu actions","UC-PUB-001","TC-PUB-009","Automated UI","PASS",""
"Use browser back after public navigation","UC-PUB-001","TC-PUB-010","Manual / exploratory","NOT_RUN",""
"Use browser forward after back","UC-PUB-001","TC-PUB-011","Manual / exploratory","NOT_RUN",""
"Reload each public route","UC-PUB-001","TC-PUB-012","Manual / exploratory","NOT_RUN",""
"Deep-link to each public route","UC-PUB-001","TC-PUB-013","Manual / exploratory","NOT_RUN",""
"Open footer privacy link","UC-PUB-001","TC-PUB-014","Manual / exploratory","NOT_RUN",""
"Open footer terms link","UC-PUB-001","TC-PUB-015","Manual / exploratory","NOT_RUN",""
"Open footer contact link","UC-PUB-001","TC-PUB-016","Manual / exploratory","NOT_RUN",""
"Navigate public controls by keyboard","UC-PUB-001","TC-PUB-017","Automated UI","PASS",""
"Verify unknown public route returns branded 404","UC-PUB-001","TC-PUB-018","Manual / exploratory","NOT_RUN",""
"Submit a valid self case","UC-CASE-001","TC-CASE-001","Automated UI + integration","PASS",""
"Submit a valid representative case","UC-CASE-001","TC-CASE-002","Automated UI + integration","PASS",""
"Omit optional email at intake","UC-CASE-001","TC-CASE-003","Automated UI + integration","PASS",""
"Enter unique valid email","UC-CASE-001","TC-CASE-004","Automated UI + integration","PASS",""
"Trim leading and trailing name whitespace","UC-CASE-001","TC-CASE-005","Manual / exploratory","NOT_RUN",""
"Enter Arabic compound given and family names","UC-CASE-001","TC-CASE-006","Manual / exploratory","NOT_RUN",""
"Enter multi-word Latin surname","UC-CASE-001","TC-CASE-007","Manual / exploratory","NOT_RUN",""
"Enter mixed-script name","UC-CASE-001","TC-CASE-008","Manual / exploratory","NOT_RUN",""
"Enter punctuation in name","UC-CASE-001","TC-CASE-009","Manual / exploratory","NOT_RUN",""
"Reject missing given name","UC-CASE-001","TC-CASE-010","Automated UI + integration","PASS",""
"Reject missing family name unless single legal name","UC-CASE-001","TC-CASE-011","Automated UI + integration","PASS",""
"Reject missing country","UC-CASE-001","TC-CASE-012","Automated UI + integration","PASS",""
"Reject missing WhatsApp","UC-CASE-001","TC-CASE-013","Automated UI + integration","PASS",""
"Normalize WhatsApp spaces and dashes","UC-CASE-001","TC-CASE-014","Manual / exploratory","NOT_RUN",""
"Normalize country-code variation","UC-CASE-001","TC-CASE-015","Manual / exploratory","NOT_RUN",""
"Reject malformed email","UC-CASE-001","TC-CASE-016","Automated UI + integration","PASS",""
"Normalize email case and whitespace","UC-CASE-001","TC-CASE-017","Manual / exploratory","NOT_RUN",""
"Reject missing care need","UC-CASE-001","TC-CASE-018","Automated UI + integration","PASS",""
"Reject missing consent","UC-CASE-001","TC-CASE-019","Automated UI + integration","PASS",""
"Preserve back navigation in wizard","UC-CASE-001","TC-CASE-020","Manual / exploratory","NOT_RUN",""
"Preserve forward navigation in wizard","UC-CASE-001","TC-CASE-021","Manual / exploratory","NOT_RUN",""
"Recover after accidental reload","UC-CASE-001","TC-CASE-022","Manual / exploratory","NOT_RUN",""
"Retry after simulated network failure","UC-CASE-001","TC-CASE-023","Automated UI + integration","PASS",""
"Retry after backend error","UC-CASE-001","TC-CASE-024","Automated UI + integration","PASS",""
"Prevent duplicate double-click submission","UC-CASE-001","TC-CASE-025","Automated UI + integration","PASS",""
"Prevent rapid triple submission","UC-CASE-001","TC-CASE-026","Manual / exploratory","NOT_RUN",""
"Replay submit request idempotently","UC-CASE-001","TC-CASE-027","Automated UI + integration","PASS",""
"Return one case number","UC-CASE-001","TC-CASE-028","Automated UI + integration","PASS",""
"Create initial coordination work item","UC-CASE-001","TC-CASE-029","Automated UI + integration","PASS",""
"Set initial WaitingOn coordinator team","UC-CASE-001","TC-CASE-030","Automated UI + integration","PASS",""
"Send reference-only team notification","UC-CASE-001","TC-CASE-031","Automated UI + integration","PASS",""
"Do not create case on validation failure","UC-CASE-001","TC-CASE-032","Automated UI + integration","PASS",""
"Do not merge different identity on matching email","UC-CASE-001","TC-CASE-033","Manual / exploratory","NOT_RUN",""
"Do not merge different identity on matching phone","UC-CASE-001","TC-CASE-034","Manual / exploratory","NOT_RUN",""
"Upload valid PDF","UC-DOC-001","TC-DOC-001","Automated integration + manual","PASS",""
"Upload valid JPEG","UC-DOC-001","TC-DOC-002","Automated integration + manual","PASS",""
"Upload valid PNG","UC-DOC-001","TC-DOC-003","Automated integration + manual","PASS",""
"Upload multiple supported documents","UC-DOC-001","TC-DOC-004","Manual / exploratory","NOT_RUN",""
"Upload duplicate filename","UC-DOC-001","TC-DOC-005","Manual / exploratory","NOT_RUN",""
"Upload Unicode filename","UC-DOC-001","TC-DOC-006","Manual / exploratory","NOT_RUN",""
"Upload Arabic filename","UC-DOC-001","TC-DOC-007","Manual / exploratory","NOT_RUN",""
"Upload near maximum file size","UC-DOC-001","TC-DOC-008","Manual / exploratory","NOT_RUN",""
"Reject oversized file","UC-DOC-001","TC-DOC-009","Manual / exploratory","NOT_RUN",""
"Reject zero-byte file","UC-DOC-001","TC-DOC-010","Manual / exploratory","NOT_RUN",""
"Reject unsupported extension","UC-DOC-001","TC-DOC-011","Automated integration + manual","PASS",""
"Reject MIME mismatch","UC-DOC-001","TC-DOC-012","Manual / exploratory","NOT_RUN",""
"Reject corrupt PDF","UC-DOC-001","TC-DOC-013","Manual / exploratory","NOT_RUN",""
"Reject very long filename","UC-DOC-001","TC-DOC-014","Manual / exploratory","NOT_RUN",""
"Retry interrupted upload","UC-DOC-001","TC-DOC-015","Manual / exploratory","NOT_RUN",""
"Confirm upload exactly once","UC-DOC-001","TC-DOC-016","Automated integration + manual","PASS",""
"List uploaded metadata","UC-DOC-001","TC-DOC-017","Automated integration + manual","PASS",""
"Preview authorized document","UC-DOC-001","TC-DOC-018","Automated integration + manual","PASS",""
"Download authorized document and compare bytes","UC-DOC-001","TC-DOC-019","Automated integration + manual","PASS",""
"Expire stale signed URL","UC-DOC-001","TC-DOC-020","Manual / exploratory","NOT_RUN",""
"Reject unauthorized patient document ID","UC-DOC-001","TC-DOC-021","Automated integration + manual","PASS",""
"Reject foreign consultant document access","UC-DOC-001","TC-DOC-022","Automated integration + manual","PASS",""
"Allow assigned consultant document access","UC-DOC-001","TC-DOC-023","Automated integration + manual","PASS",""
"Allow authorized coordinator document access","UC-DOC-001","TC-DOC-024","Automated integration + manual","PASS",""
"Reject path-traversal style filename","UC-DOC-001","TC-DOC-025","Manual / exploratory","NOT_RUN",""
"Render dangerous content type as download/non-executable","UC-DOC-001","TC-DOC-026","Manual / exploratory","NOT_RUN",""
"See submitted case in Team queue","UC-COORD-001","TC-COORD-001","Automated UI + integration + live","PASS",""
"Open unowned case by direct route","UC-COORD-001","TC-COORD-002","Automated UI + integration + live","PASS",""
"Review intake before claim","UC-COORD-001","TC-COORD-003","Automated UI + integration + live","PASS",""
"Claim unowned case","UC-COORD-001","TC-COORD-004","Automated UI + integration + live","PASS",""
"Prevent duplicate claim","UC-COORD-001","TC-COORD-005","Automated UI + integration + live","PASS",""
"Resolve two-coordinator claim race","UC-COORD-001","TC-COORD-006","Manual / exploratory","NOT_RUN",""
"Reject non-coordinator claim","UC-COORD-001","TC-COORD-007","Automated UI + integration + live","PASS",""
"Search cases","UC-COORD-001","TC-COORD-008","Automated UI + integration + live","PASS",""
"Filter needs-ownership queue","UC-COORD-001","TC-COORD-009","Automated UI + integration + live","PASS",""
"Sort queue","UC-COORD-001","TC-COORD-010","Manual / exploratory","NOT_RUN",""
"Paginate queue","UC-COORD-001","TC-COORD-011","Manual / exploratory","NOT_RUN",""
"Switch card/table view","UC-COORD-001","TC-COORD-012","Manual / exploratory","NOT_RUN",""
"Copy case reference","UC-COORD-001","TC-COORD-013","Manual / exploratory","NOT_RUN",""
"Bulk-select cases","UC-COORD-001","TC-COORD-014","Manual / exploratory","NOT_RUN",""
"Bulk claim eligible cases","UC-COORD-001","TC-COORD-015","Manual / exploratory","NOT_RUN",""
"Clear queue filters","UC-COORD-001","TC-COORD-016","Manual / exploratory","NOT_RUN",""
"Open Overview tab","UC-COORD-001","TC-COORD-017","Automated UI + integration + live","PASS",""
"Open Documents tab","UC-COORD-001","TC-COORD-018","Automated UI + integration + live","PASS",""
"Open Messages tab","UC-COORD-001","TC-COORD-019","Automated UI + integration + live","PASS",""
"Open Activity tab","UC-COORD-001","TC-COORD-020","Manual / exploratory","NOT_RUN",""
"Open Proposal tab","UC-COORD-001","TC-COORD-021","Automated UI + integration + live","PASS",""
"Request patient information","UC-COORD-001","TC-COORD-022","Automated UI + integration + live","PASS",""
"Send internal message","UC-COORD-001","TC-COORD-023","Automated UI + integration + live","PASS",""
"Cancel only when valid","UC-COORD-001","TC-COORD-024","Manual / exploratory","NOT_RUN",""
"Assign matching consultant","UC-COORD-001","TC-COORD-025","Automated UI + integration + live","PASS",""
"Reject invalid consultant","UC-COORD-001","TC-COORD-026","Automated UI + integration + live","PASS",""
"Reassign ended consultant","UC-COORD-001","TC-COORD-027","Automated UI + integration + live","PASS",""
"Refresh current action after each transition","UC-COORD-001","TC-COORD-028","Automated UI + integration + live","PASS",""
"See pending assignment in My Work not My Cases","UC-CONS-001","TC-CONS-001","Automated UI + integration + live","PASS",""
"Open pending assignment","UC-CONS-001","TC-CONS-002","Automated UI + integration + live","PASS",""
"Preview patient document","UC-CONS-001","TC-CONS-003","Automated UI + integration + live","PASS",""
"Download patient document","UC-CONS-001","TC-CONS-004","Automated UI + integration + live","PASS",""
"Accept assignment","UC-CONS-001","TC-CONS-005","Automated UI + integration + live","PASS",""
"Retry accept without duplicate work","UC-CONS-001","TC-CONS-006","Automated UI + integration + live","PASS",""
"Decline assignment with reason","UC-CONS-001","TC-CONS-007","Automated UI + integration + live","PASS",""
"Reject decline without required reason","UC-CONS-001","TC-CONS-008","Automated UI + integration + live","PASS",""
"Reject stale assignment decision","UC-CONS-001","TC-CONS-009","Automated UI + integration + live","PASS",""
"Move accepted case to My Cases","UC-CONS-001","TC-CONS-010","Automated UI + integration + live","PASS",""
"Save empty draft when allowed","UC-CONS-001","TC-CONS-011","Automated UI + integration + live","PASS",""
"Save partial draft","UC-CONS-001","TC-CONS-012","Automated UI + integration + live","PASS",""
"Save complete draft","UC-CONS-001","TC-CONS-013","Automated UI + integration + live","PASS",""
"Reload persisted draft","UC-CONS-001","TC-CONS-014","Manual / exploratory","NOT_RUN",""
"Save draft twice","UC-CONS-001","TC-CONS-015","Automated UI + integration + live","PASS",""
"Reject stale concurrent draft overwrite","UC-CONS-001","TC-CONS-016","Manual / exploratory","NOT_RUN",""
"Select one catalog service","UC-CONS-001","TC-CONS-017","Automated UI + integration + live","PASS",""
"Select multiple catalog services","UC-CONS-001","TC-CONS-018","Manual / exploratory","NOT_RUN",""
"Add valid off-list service","UC-CONS-001","TC-CONS-019","Automated UI + integration + live","PASS",""
"Reject negative off-list amount","UC-CONS-001","TC-CONS-020","Manual / exploratory","NOT_RUN",""
"Choose USD proposal currency","UC-CONS-001","TC-CONS-021","Automated UI + integration + live","PASS",""
"Choose EUR proposal currency","UC-CONS-001","TC-CONS-022","Automated UI + integration + live","PASS",""
"Choose AED proposal currency","UC-CONS-001","TC-CONS-023","Automated UI + integration + live","PASS",""
"Reject unsupported currency","UC-CONS-001","TC-CONS-024","Automated UI + integration + live","PASS",""
"Submit complete recommendation","UC-CONS-001","TC-CONS-025","Automated UI + integration + live","PASS",""
"Reject missing clinical recommendation","UC-CONS-001","TC-CONS-026","Automated UI + integration + live","PASS",""
"Request additional information","UC-CONS-001","TC-CONS-027","Automated UI + integration + live","PASS",""
"Request second opinion","UC-CONS-001","TC-CONS-028","Automated UI + integration + live","PASS",""
"Return without recommendation","UC-CONS-001","TC-CONS-029","Automated UI + integration + live","PASS",""
"Mark not suitable with reason","UC-CONS-001","TC-CONS-030","Automated UI + integration + live","PASS",""
"Reject exceptional outcome without reason","UC-CONS-001","TC-CONS-031","Automated UI + integration + live","PASS",""
"Prevent unassigned consultant submission","UC-CONS-001","TC-CONS-032","Automated UI + integration + live","PASS",""
"Complete consultant work and reactivate coordinator work","UC-CONS-001","TC-CONS-033","Automated UI + integration + live","PASS",""
"Preserve EGP base price for USD proposal","UC-MONEY-001","TC-MONEY-001","Automated integration + live","PASS",""
"Preserve EGP base price for EUR proposal","UC-MONEY-001","TC-MONEY-002","Automated integration + live","PASS",""
"Preserve EGP base price for AED proposal","UC-MONEY-001","TC-MONEY-003","Automated integration + live","PASS",""
"Snapshot rate source and timestamp","UC-MONEY-001","TC-MONEY-004","Manual / exploratory","NOT_RUN",""
"Round display amount to currency precision","UC-MONEY-001","TC-MONEY-005","Manual / exploratory","NOT_RUN",""
"Reject zero amount","UC-MONEY-001","TC-MONEY-006","Manual / exploratory","NOT_RUN",""
"Reject negative amount","UC-MONEY-001","TC-MONEY-007","Automated integration + live","PASS",""
"Reject unsupported currency","UC-MONEY-001","TC-MONEY-008","Automated integration + live","PASS",""
"Reject missing FX rate","UC-MONEY-001","TC-MONEY-009","Automated integration + live","PASS",""
"Prevent silent EGP fallback","UC-MONEY-001","TC-MONEY-010","Automated integration + live","PASS",""
"Use server catalog price over client price","UC-MONEY-001","TC-MONEY-011","Automated integration + live","PASS",""
"Require Finance for off-list service","UC-MONEY-001","TC-MONEY-012","Automated integration + live","PASS",""
"Keep ordinary margin internal","UC-MONEY-001","TC-MONEY-013","Automated integration + live","PASS",""
"Keep released USD proposal stable after FX change","UC-MONEY-001","TC-MONEY-014","Automated integration + live","PASS",""
"Keep released totals stable after catalog change","UC-MONEY-001","TC-MONEY-015","Automated integration + live","PASS",""
"Show identical currency on coordinator and patient views","UC-MONEY-001","TC-MONEY-016","Automated integration + live","PASS",""
"Show identical line totals and grand total","UC-MONEY-001","TC-MONEY-017","Automated integration + live","PASS",""
"Prevent mixed-currency proposal items","UC-MONEY-001","TC-MONEY-018","Manual / exploratory","NOT_RUN",""
"Prepare proposal from approved recommendation","UC-PROP-001","TC-PROP-001","Automated UI + integration + live","PASS",""
"Reject proposal before recommendation","UC-PROP-001","TC-PROP-002","Automated UI + integration + live","PASS",""
"Save proposal draft","UC-PROP-001","TC-PROP-003","Automated UI + integration + live","PASS",""
"Release catalog-only proposal immediately","UC-PROP-001","TC-PROP-004","Automated UI + integration + live","PASS",""
"Require Operations gate for travel package","UC-PROP-001","TC-PROP-005","Automated UI + integration + live","PASS",""
"Require Finance gate for off-list pricing","UC-PROP-001","TC-PROP-006","Automated UI + integration + live","PASS",""
"Require Operations then Finance for mixed gated proposal","UC-PROP-001","TC-PROP-007","Automated UI + integration + live","PASS",""
"Reject premature release","UC-PROP-001","TC-PROP-008","Automated UI + integration + live","PASS",""
"Resend proposal link idempotently","UC-PROP-001","TC-PROP-009","Automated UI + integration + live","PASS",""
"Expose masked delivery status","UC-PROP-001","TC-PROP-010","Manual / exploratory","NOT_RUN",""
"Request proposal OTP by email","UC-PROP-001","TC-PROP-011","Automated UI + integration + live","PASS",""
"Request proposal OTP by WhatsApp","UC-PROP-001","TC-PROP-012","Automated UI + integration + live","PASS",""
"Switch OTP channel and revoke prior challenge","UC-PROP-001","TC-PROP-013","Manual / exploratory","NOT_RUN",""
"Reject wrong OTP","UC-PROP-001","TC-PROP-014","Automated UI + integration + live","PASS",""
"Lock after maximum OTP attempts","UC-PROP-001","TC-PROP-015","Manual / exploratory","NOT_RUN",""
"Reject expired OTP","UC-PROP-001","TC-PROP-016","Manual / exploratory","NOT_RUN",""
"Verify OTP and issue scoped grant","UC-PROP-001","TC-PROP-017","Automated UI + integration + live","PASS",""
"Reject forged grant","UC-PROP-001","TC-PROP-018","Automated UI + integration + live","PASS",""
"Reject grant from another case","UC-PROP-001","TC-PROP-019","Automated UI + integration + live","PASS",""
"View exact released version","UC-PROP-001","TC-PROP-020","Automated UI + integration + live","PASS",""
"Acknowledge with required evidence","UC-PROP-001","TC-PROP-021","Automated UI + integration + live","PASS",""
"Reject acknowledgement without checkbox","UC-PROP-001","TC-PROP-022","Automated UI + integration + live","PASS",""
"Request changes without acknowledgement","UC-PROP-001","TC-PROP-023","Automated UI + integration + live","PASS",""
"Decline without acknowledgement","UC-PROP-001","TC-PROP-024","Automated UI + integration + live","PASS",""
"Reject expired proposal decision","UC-PROP-001","TC-PROP-025","Automated UI + integration + live","PASS",""
"Reject superseded proposal decision","UC-PROP-001","TC-PROP-026","Automated UI + integration + live","PASS",""
"Reject repeat decision without duplicates","UC-PROP-001","TC-PROP-027","Automated UI + integration + live","PASS",""
"Bind decision to exact version","UC-PROP-001","TC-PROP-028","Automated UI + integration + live","PASS",""
"Create deposit on acknowledgement","UC-PROP-001","TC-PROP-029","Automated UI + integration + live","PASS",""
"Notify accountable coordinator once","UC-PROP-001","TC-PROP-030","Automated UI + integration + live","PASS",""
"Show no proposal control before release","UC-PROP-001","TC-PROP-031","Automated UI + integration + live","PASS",""
"Open proposal from verified status without second OTP","UC-PROP-001","TC-PROP-032","Automated UI + integration + live","PASS",""
"Keep coordinator clinical scope immutable","UC-PROP-001","TC-PROP-033","Automated UI + integration + live","PASS",""
"Open valid onboarding link","UC-ACT-001","TC-ACT-001","Automated UI + integration + live","PASS",""
"Request activation OTP by email","UC-ACT-001","TC-ACT-002","Automated UI + integration + live","PASS",""
"Request activation OTP by WhatsApp","UC-ACT-001","TC-ACT-003","Automated UI + integration + live","PASS",""
"Switch activation channel","UC-ACT-001","TC-ACT-004","Automated UI + integration + live","PASS",""
"Reject wrong activation OTP","UC-ACT-001","TC-ACT-005","Automated UI + integration + live","PASS",""
"Reject expired activation link","UC-ACT-001","TC-ACT-006","Automated UI + integration + live","PASS",""
"Resume verified activation session","UC-ACT-001","TC-ACT-007","Manual / exploratory","NOT_RUN",""
"Prefill unique intake email","UC-ACT-001","TC-ACT-008","Automated UI + integration + live","PASS",""
"Require email when absent at intake","UC-ACT-001","TC-ACT-009","Automated UI + integration + live","PASS",""
"Allow permitted email change","UC-ACT-001","TC-ACT-010","Automated UI + integration + live","PASS",""
"Trim and lowercase email identity key","UC-ACT-001","TC-ACT-011","Automated UI + integration + live","PASS",""
"Enter structured given and family names","UC-ACT-001","TC-ACT-012","Automated UI + integration + live","PASS",""
"Use single legal name","UC-ACT-001","TC-ACT-013","Automated UI + integration + live","PASS",""
"Preserve Arabic compound name","UC-ACT-001","TC-ACT-014","Manual / exploratory","NOT_RUN",""
"Preserve multi-word surname","UC-ACT-001","TC-ACT-015","Manual / exploratory","NOT_RUN",""
"Reject future date of birth","UC-ACT-001","TC-ACT-016","Automated UI + integration + live","PASS",""
"Reject invalid date of birth","UC-ACT-001","TC-ACT-017","Automated UI + integration + live","PASS",""
"Select sex value","UC-ACT-001","TC-ACT-018","Automated UI + integration + live","PASS",""
"Select nationality","UC-ACT-001","TC-ACT-019","Manual / exploratory","NOT_RUN",""
"Select country of residence","UC-ACT-001","TC-ACT-020","Manual / exploratory","NOT_RUN",""
"Choose preferred language","UC-ACT-001","TC-ACT-021","Automated UI + integration + live","PASS",""
"Mark mobile owned by patient","UC-ACT-001","TC-ACT-022","Automated UI + integration + live","PASS",""
"Mark mobile owned by representative","UC-ACT-001","TC-ACT-023","Automated UI + integration + live","PASS",""
"Reject missing mobile owner","UC-ACT-001","TC-ACT-024","Automated UI + integration + live","PASS",""
"Accept required privacy consent","UC-ACT-001","TC-ACT-025","Automated UI + integration + live","PASS",""
"Accept cross-border consent","UC-ACT-001","TC-ACT-026","Automated UI + integration + live","PASS",""
"Accept deposit terms","UC-ACT-001","TC-ACT-027","Automated UI + integration + live","PASS",""
"Reject missing required consent","UC-ACT-001","TC-ACT-028","Automated UI + integration + live","PASS",""
"Activate unique new account","UC-ACT-001","TC-ACT-029","Automated UI + integration + live","PASS",""
"Keep account SETUP_PENDING until password created","UC-ACT-001","TC-ACT-030","Automated UI + integration + live","PASS",""
"Resend setup email idempotently","UC-ACT-001","TC-ACT-031","Automated UI + integration + live","PASS",""
"Resume SETUP_PENDING account","UC-ACT-001","TC-ACT-032","Automated UI + integration + live","PASS",""
"Link existing active patient after proof","UC-ACT-001","TC-ACT-033","Automated UI + integration + live","PASS",""
"Do not merge on existing email alone","UC-ACT-001","TC-ACT-034","Automated UI + integration + live","PASS",""
"Reject email bound to different patient","UC-ACT-001","TC-ACT-035","Automated UI + integration + live","PASS",""
"Reject phone bound to different patient","UC-ACT-001","TC-ACT-036","Automated UI + integration + live","PASS",""
"Handle matching email with conflicting phone","UC-ACT-001","TC-ACT-037","Manual / exploratory","NOT_RUN",""
"Handle matching phone with conflicting email","UC-ACT-001","TC-ACT-038","Manual / exploratory","NOT_RUN",""
"Link same patient's additional case","UC-ACT-001","TC-ACT-039","Automated UI + integration + live","PASS",""
"Prevent duplicate Keycloak account","UC-ACT-001","TC-ACT-040","Automated UI + integration + live","PASS",""
"Expire reused setup link","UC-ACT-001","TC-ACT-041","Manual / exploratory","NOT_RUN",""
"Complete Keycloak password setup","UC-AUTH-001","TC-AUTH-001","Automated integration + live","PASS",""
"Sign in with new patient credentials","UC-AUTH-001","TC-AUTH-002","Automated integration + live","PASS",""
"Sign in as Coordinator","UC-AUTH-001","TC-AUTH-003","Automated integration + live","PASS",""
"Sign in as Consultant","UC-AUTH-001","TC-AUTH-004","Automated integration + live","PASS",""
"Sign in as Operations","UC-AUTH-001","TC-AUTH-005","Automated integration + live","PASS",""
"Sign in as Finance","UC-AUTH-001","TC-AUTH-006","Automated integration + live","PASS",""
"Show generic wrong-password error","UC-AUTH-001","TC-AUTH-007","Automated integration + live","PASS",""
"Refresh authenticated portal","UC-AUTH-001","TC-AUTH-008","Automated integration + live","PASS",""
"Refresh access token","UC-AUTH-001","TC-AUTH-009","Manual / exploratory","NOT_RUN",""
"Reject expired access token","UC-AUTH-001","TC-AUTH-010","Manual / exploratory","NOT_RUN",""
"Handle expired session in inactive tab","UC-AUTH-001","TC-AUTH-011","Manual / exploratory","NOT_RUN",""
"Logout","UC-AUTH-001","TC-AUTH-012","Automated integration + live","PASS",""
"Reject protected route after logout","UC-AUTH-001","TC-AUTH-013","Automated integration + live","PASS",""
"Reject API after logout","UC-AUTH-001","TC-AUTH-014","Automated integration + live","PASS",""
"Prevent usable sensitive back-cache after logout","UC-AUTH-001","TC-AUTH-015","Manual / exploratory","NOT_RUN",""
"Preserve correct role landing","UC-AUTH-001","TC-AUTH-016","Automated integration + live","PASS",""
"Prevent unauthorized role switch","UC-AUTH-001","TC-AUTH-017","Automated integration + live","PASS",""
"Use OIDC code with PKCE","UC-AUTH-001","TC-AUTH-018","Manual / exploratory","NOT_RUN",""
"Keep password out of application API","UC-AUTH-001","TC-AUTH-019","Automated integration + live","PASS",""
"Land on current case after first sign-in","UC-PAT-001","TC-PAT-001","Automated UI + integration + live","PASS",""
"Show case reference","UC-PAT-001","TC-PAT-002","Automated UI + integration + live","PASS",""
"Show accountable coordinator","UC-PAT-001","TC-PAT-003","Automated UI + integration + live","PASS",""
"Show one authoritative current action","UC-PAT-001","TC-PAT-004","Automated UI + integration + live","PASS",""
"Open proposal","UC-PAT-001","TC-PAT-005","Automated UI + integration + live","PASS",""
"Open Documents","UC-PAT-001","TC-PAT-006","Automated UI + integration + live","PASS",""
"Preview own document","UC-PAT-001","TC-PAT-007","Manual / exploratory","NOT_RUN",""
"Download own document","UC-PAT-001","TC-PAT-008","Manual / exploratory","NOT_RUN",""
"Open Messages","UC-PAT-001","TC-PAT-009","Automated UI + integration + live","PASS",""
"Send message","UC-PAT-001","TC-PAT-010","Automated UI + integration + live","PASS",""
"Retain failed message draft","UC-PAT-001","TC-PAT-011","Automated UI + integration + live","PASS",""
"Mark message read per user","UC-PAT-001","TC-PAT-012","Automated UI + integration + live","PASS",""
"Open Profile and Security","UC-PAT-001","TC-PAT-013","Automated UI + integration + live","PASS",""
"Persist account preferences","UC-PAT-001","TC-PAT-014","Automated UI + integration + live","PASS",""
"Switch language without losing case","UC-PAT-001","TC-PAT-015","Automated UI + integration + live","PASS",""
"Select between multiple linked cases","UC-PAT-001","TC-PAT-016","Manual / exploratory","NOT_RUN",""
"Show calm no-case state","UC-PAT-001","TC-PAT-017","Automated UI + integration + live","PASS",""
"Reject unrelated case deep link","UC-PAT-001","TC-PAT-018","Automated UI + integration + live","PASS",""
"Refresh immediately after workflow transition","UC-PAT-001","TC-PAT-019","Manual / exploratory","NOT_RUN",""
"Hide staff-only controls","UC-PAT-001","TC-PAT-020","Automated UI + integration + live","PASS",""
"Use patient portal on 390 width","UC-PAT-001","TC-PAT-021","Automated UI + integration + live","PASS",""
"Use patient portal in Arabic RTL","UC-PAT-001","TC-PAT-022","Automated UI + integration + live","PASS",""
"Create requested deposit after acknowledgement","UC-DEP-001","TC-DEP-001","Automated UI + integration + live","PASS",""
"Show proposal display currency","UC-DEP-001","TC-DEP-002","Automated UI + integration + live","PASS",""
"Show authoritative deposit amount","UC-DEP-001","TC-DEP-003","Automated UI + integration + live","PASS",""
"Show ARRANGING status","UC-DEP-001","TC-DEP-004","Automated UI + integration + live","PASS",""
"Show no fake Pay button","UC-DEP-001","TC-DEP-005","Automated UI + integration + live","PASS",""
"Show no patient action when staff is arranging","UC-DEP-001","TC-DEP-006","Automated UI + integration + live","PASS",""
"Record full offline bank payment","UC-DEP-001","TC-DEP-007","Automated UI + integration + live","PASS",""
"Record partial offline payment","UC-DEP-001","TC-DEP-008","Manual / exploratory","NOT_RUN",""
"Record multiple payments","UC-DEP-001","TC-DEP-009","Manual / exploratory","NOT_RUN",""
"Replay same idempotency key","UC-DEP-001","TC-DEP-010","Automated UI + integration + live","PASS",""
"Reject duplicate provider reference with different key","UC-DEP-001","TC-DEP-011","Manual / exploratory","NOT_RUN",""
"Reject negative payment","UC-DEP-001","TC-DEP-012","Automated UI + integration + live","PASS",""
"Reject excessive payment","UC-DEP-001","TC-DEP-013","Manual / exploratory","NOT_RUN",""
"Reject unauthorized payment actor","UC-DEP-001","TC-DEP-014","Automated UI + integration + live","PASS",""
"Record refund","UC-DEP-001","TC-DEP-015","Manual / exploratory","NOT_RUN",""
"Reject refund beyond paid amount","UC-DEP-001","TC-DEP-016","Manual / exploratory","NOT_RUN",""
"Waive deposit with recent-auth Finance","UC-DEP-001","TC-DEP-017","Automated UI + integration + live","PASS",""
"Reject waiver without reason","UC-DEP-001","TC-DEP-018","Automated UI + integration + live","PASS",""
"Reject stale waiver","UC-DEP-001","TC-DEP-019","Manual / exploratory","NOT_RUN",""
"Notify patient once on settlement","UC-DEP-001","TC-DEP-020","Automated UI + integration + live","PASS",""
"Notify coordinator or Operations once","UC-DEP-001","TC-DEP-021","Automated UI + integration + live","PASS",""
"Transition readiness exactly once","UC-DEP-001","TC-DEP-022","Automated UI + integration + live","PASS",""
"Refresh patient view to Deposit received","UC-DEP-001","TC-DEP-023","Automated UI + integration + live","PASS",""
"Keep append-only payment events","UC-DEP-001","TC-DEP-024","Automated UI + integration + live","PASS",""
"Prevent confirmation before prerequisites","UC-DEP-001","TC-DEP-025","Automated UI + integration + live","PASS",""
"Send new unowned case to team mailbox","UC-NOTIF-001","TC-NOTIF-001","Automated integration + live","PASS",""
"Exclude patient facts from team email","UC-NOTIF-001","TC-NOTIF-002","Automated integration + live","PASS",""
"Send consultant assignment to consultant only","UC-NOTIF-001","TC-NOTIF-003","Automated integration + live","PASS",""
"Use consultant template wording","UC-NOTIF-001","TC-NOTIF-004","Automated integration + live","PASS",""
"Do not copy coordinator on consultant assignment","UC-NOTIF-001","TC-NOTIF-005","Automated integration + live","PASS",""
"Send coordinator work to accountable coordinator","UC-NOTIF-001","TC-NOTIF-006","Automated integration + live","PASS",""
"Use team fallback only when unowned","UC-NOTIF-001","TC-NOTIF-007","Automated integration + live","PASS",""
"Send proposal link to configured patient channel","UC-NOTIF-001","TC-NOTIF-008","Automated integration + live","PASS",""
"Send OTP only to selected channel","UC-NOTIF-001","TC-NOTIF-009","Automated integration + live","PASS",""
"Revoke prior channel challenge","UC-NOTIF-001","TC-NOTIF-010","Automated integration + live","PASS",""
"Send onboarding link once","UC-NOTIF-001","TC-NOTIF-011","Automated integration + live","PASS",""
"Send account setup email once","UC-NOTIF-001","TC-NOTIF-012","Automated integration + live","PASS",""
"Create in-app notification once","UC-NOTIF-001","TC-NOTIF-013","Automated integration + live","PASS",""
"Mark notification read","UC-NOTIF-001","TC-NOTIF-014","Automated integration + live","PASS",""
"Retry outbox without duplicate email","UC-NOTIF-001","TC-NOTIF-015","Automated integration + live","PASS",""
"Retry work item without duplicate notification","UC-NOTIF-001","TC-NOTIF-016","Automated integration + live","PASS",""
"Record provider delivery status","UC-NOTIF-001","TC-NOTIF-017","Manual / exploratory","NOT_RUN",""
"Mask patient destination","UC-NOTIF-001","TC-NOTIF-018","Automated integration + live","PASS",""
"Handle missing staff email without misrouting","UC-NOTIF-001","TC-NOTIF-019","Manual / exploratory","NOT_RUN",""
"Correlate event to case reference","UC-NOTIF-001","TC-NOTIF-020","Automated integration + live","PASS",""
"Reject anonymous staff workspace","UC-RBAC-001","TC-RBAC-001","Automated integration","PASS",""
"Reject patient coordinator endpoint","UC-RBAC-001","TC-RBAC-002","Automated integration","PASS",""
"Reject Coordinator doctor decision","UC-RBAC-001","TC-RBAC-003","Automated integration","PASS",""
"Reject Consultant coordinator claim","UC-RBAC-001","TC-RBAC-004","Automated integration","PASS",""
"Reject Operations finance payment","UC-RBAC-001","TC-RBAC-005","Automated integration","PASS",""
"Reject Finance clinical recommendation","UC-RBAC-001","TC-RBAC-006","Automated integration","PASS",""
"Reject wrong role proposal approval","UC-RBAC-001","TC-RBAC-007","Automated integration","PASS",""
"Reject patient A reading patient B case","UC-RBAC-001","TC-RBAC-008","Automated integration","PASS",""
"Reject patient A reading patient B document","UC-RBAC-001","TC-RBAC-009","Automated integration","PASS",""
"Reject manipulated document ID","UC-RBAC-001","TC-RBAC-010","Automated integration","PASS",""
"Reject unrelated consultant case","UC-RBAC-001","TC-RBAC-011","Automated integration","PASS",""
"Allow assigned consultant case","UC-RBAC-001","TC-RBAC-012","Automated integration","PASS",""
"Remove access after assignment ends","UC-RBAC-001","TC-RBAC-013","Automated integration","PASS",""
"Allow lead visibility to team case","UC-RBAC-001","TC-RBAC-014","Automated integration","PASS",""
"Require lead assignment for protected action","UC-RBAC-001","TC-RBAC-015","Automated integration","PASS",""
"Reject cross-team lead action","UC-RBAC-001","TC-RBAC-016","Automated integration","PASS",""
"Reject forged public grant","UC-RBAC-001","TC-RBAC-017","Automated integration","PASS",""
"Reject grant scoped to another case","UC-RBAC-001","TC-RBAC-018","Automated integration","PASS",""
"Reject invalid direct workflow transition","UC-RBAC-001","TC-RBAC-019","Automated integration","PASS",""
"Return 401 for missing token","UC-RBAC-001","TC-RBAC-020","Automated integration","PASS",""
"Return 403 for authenticated wrong role","UC-RBAC-001","TC-RBAC-021","Automated integration","PASS",""
"Avoid existence leak in 404/403 response","UC-RBAC-001","TC-RBAC-022","Automated integration","PASS",""
"Hide unavailable UI actions","UC-RBAC-001","TC-RBAC-023","Automated integration","PASS",""
"Re-authorize every backend write","UC-RBAC-001","TC-RBAC-024","Automated integration","PASS",""
"Display server validation 400","UC-ERR-001","TC-ERR-001","Automated UI + integration","PASS",""
"Handle unauthenticated 401","UC-ERR-001","TC-ERR-002","Automated UI + integration","PASS",""
"Handle forbidden 403","UC-ERR-001","TC-ERR-003","Automated UI + integration","PASS",""
"Handle missing resource 404","UC-ERR-001","TC-ERR-004","Automated UI + integration","PASS",""
"Handle optimistic conflict 409","UC-ERR-001","TC-ERR-005","Automated UI + integration","PASS",""
"Handle rate limit 429","UC-ERR-001","TC-ERR-006","Automated UI + integration","PASS",""
"Handle simulated 500 without stack trace","UC-ERR-001","TC-ERR-007","Manual / exploratory","NOT_RUN",""
"Retain form after network offline","UC-ERR-001","TC-ERR-008","Manual / exploratory","NOT_RUN",""
"Retry safe GET after timeout","UC-ERR-001","TC-ERR-009","Manual / exploratory","NOT_RUN",""
"Avoid retrying unsafe write automatically","UC-ERR-001","TC-ERR-010","Manual / exploratory","NOT_RUN",""
"Include request correlation ID","UC-ERR-001","TC-ERR-011","Automated UI + integration","PASS",""
"Preserve incoming correlation ID","UC-ERR-001","TC-ERR-012","Automated UI + integration","PASS",""
"Keep normal SPA load below rate budget","UC-ERR-001","TC-ERR-013","Automated UI + integration","PASS",""
"Exclude OPTIONS from rate budget","UC-ERR-001","TC-ERR-014","Automated UI + integration","PASS",""
"Exclude health from rate budget","UC-ERR-001","TC-ERR-015","Automated UI + integration","PASS",""
"Separate read and write budgets","UC-ERR-001","TC-ERR-016","Automated UI + integration","PASS",""
"Separate clients by CF-Connecting-IP","UC-ERR-001","TC-ERR-017","Automated UI + integration","PASS",""
"Use gateway as only business API base","UC-ERR-001","TC-ERR-018","Automated UI + integration","PASS",""
"Fall back to database on Redis read failure","UC-ERR-001","TC-ERR-019","Automated UI + integration","PASS",""
"Refresh workflow state without cache staleness","UC-ERR-001","TC-ERR-020","Automated UI + integration","PASS",""
"Keep success toast aligned with persistence","UC-ERR-001","TC-ERR-021","Automated UI + integration","PASS",""
"Handle two-tab stale proposal","UC-ERR-001","TC-ERR-022","Manual / exploratory","NOT_RUN",""
"Handle two-tab duplicate deposit confirmation","UC-ERR-001","TC-ERR-023","Manual / exploratory","NOT_RUN",""
"Use public navigation at 390","UC-UX-001","TC-UX-001","Automated UI + manual","PASS",""
"Use intake at 390","UC-UX-001","TC-UX-002","Automated UI + manual","PASS",""
"Use activation at 390","UC-UX-001","TC-UX-003","Automated UI + manual","PASS",""
"Use proposal at 390","UC-UX-001","TC-UX-004","Automated UI + manual","PASS",""
"Use patient portal at 390","UC-UX-001","TC-UX-005","Automated UI + manual","PASS",""
"Use staff portal at 390","UC-UX-001","TC-UX-006","Automated UI + manual","PASS",""
"Use core controls at 768","UC-UX-001","TC-UX-007","Automated UI + manual","PASS",""
"Use core controls at 1024","UC-UX-001","TC-UX-008","Automated UI + manual","PASS",""
"Use core controls at 1280","UC-UX-001","TC-UX-009","Automated UI + manual","PASS",""
"Use core controls at 1440","UC-UX-001","TC-UX-010","Automated UI + manual","PASS",""
"Use public journey in Arabic","UC-UX-001","TC-UX-011","Automated UI + manual","PASS",""
"Use intake in Arabic RTL","UC-UX-001","TC-UX-012","Automated UI + manual","PASS",""
"Use proposal in Arabic RTL","UC-UX-001","TC-UX-013","Automated UI + manual","PASS",""
"Use activation in Arabic RTL","UC-UX-001","TC-UX-014","Automated UI + manual","PASS",""
"Use patient portal in Arabic RTL","UC-UX-001","TC-UX-015","Automated UI + manual","PASS",""
"Use staff portal in Arabic RTL","UC-UX-001","TC-UX-016","Automated UI + manual","PASS",""
"Navigate core path keyboard-only","UC-UX-001","TC-UX-017","Automated UI + manual","PASS",""
"Verify visible focus","UC-UX-001","TC-UX-018","Automated UI + manual","PASS",""
"Verify logical focus order","UC-UX-001","TC-UX-019","Manual / exploratory","NOT_RUN",""
"Verify modal focus trap and Escape close","UC-UX-001","TC-UX-020","Manual / exploratory","NOT_RUN",""
"Verify labels and required-field associations","UC-UX-001","TC-UX-021","Manual / exploratory","NOT_RUN",""
"Verify status announcements","UC-UX-001","TC-UX-022","Manual / exploratory","NOT_RUN",""
"Verify semantic heading order","UC-UX-001","TC-UX-023","Automated UI + manual","PASS",""
"Verify no color-only state","UC-UX-001","TC-UX-024","Manual / exploratory","NOT_RUN",""
"Use core pages at 200 percent zoom","UC-UX-001","TC-UX-025","Automated UI + manual","PASS",""
"Verify touch targets remain reachable","UC-UX-001","TC-UX-026","Manual / exploratory","NOT_RUN",""
"Verify no horizontal overflow","UC-UX-001","TC-UX-027","Automated UI + manual","PASS",""
"Run critical patient path in Firefox","UC-UX-001","TC-XBR-001","Automated UI","BLOCKED","QA-ENV-001"
"Run critical patient path in WebKit","UC-UX-001","TC-XBR-002","Automated UI","BLOCKED","QA-ENV-001"
