"Route","Screen","Label","Persona","Expected Outcome","Test ID","Result"
"/en and /ar","Header","Logo/Home","Anonymous","Return home","TC-PUB-001","PASS"
"/en and public pages","Header","Care Areas","Anonymous","Open care-area index","TC-PUB-002","PASS"
"/en and public pages","Header","How It Works","Anonymous","Open journey explanation","TC-PUB-003","PASS"
"/en and public pages","Header","Consultants","Anonymous","Open consultant directory","TC-PUB-004","PASS"
"/en and public pages","Header","Check case status","Anonymous","Open secure status recovery/access","TC-PUB-005","PASS"
"/en and public pages","Header","Sign in","All","Start Keycloak OIDC","TC-PUB-006","PASS"
"/en and public pages","Header","Start my case","Anonymous","Open intake wizard","TC-PUB-007","PASS"
"/en and public pages","Header","English/Arabic switch","All","Switch locale and direction","TC-PUB-008","PASS"
"/en and public pages","Mobile navigation","Open/Close menu","Anonymous","Expose/hide all primary links","TC-PUB-009","PASS"
"/send-my-case","Intake","Myself / Someone else","Patient/Representative","Set case subject","TC-CASE-001","PASS"
"/send-my-case","Intake","Given name","Patient","Capture structured name","TC-CASE-002","PASS"
"/send-my-case","Intake","Family name","Patient","Capture structured surname","TC-CASE-003","PASS"
"/send-my-case","Intake","Single legal name","Patient","Make surname optional","TC-CASE-004","PASS"
"/send-my-case","Intake","Representative name","Representative","Capture representative separately","TC-CASE-005","NOT_RUN"
"/send-my-case","Intake","Relationship","Representative","Capture delegation relationship","TC-CASE-006","NOT_RUN"
"/send-my-case","Intake","Country","Patient","Capture residence/contact context","TC-CASE-007","NOT_RUN"
"/send-my-case","Intake","WhatsApp/mobile","Patient","Capture normalized contact","TC-CASE-008","NOT_RUN"
"/send-my-case","Intake","Email","Patient","Capture optional email","TC-CASE-009","NOT_RUN"
"/send-my-case","Intake","Care area","Patient","Classify request","TC-CASE-010","PASS"
"/send-my-case","Intake","Condition/need","Patient","Capture clinical intake summary","TC-CASE-011","PASS"
"/send-my-case","Intake","Travel package","Patient","Set conditional operations gate","TC-CASE-012","PASS"
"/send-my-case","Intake","Upload file","Patient","Upload benign medical document","TC-CASE-013","PASS"
"/send-my-case","Intake","Remove file","Patient","Remove pending document","TC-CASE-014","NOT_RUN"
"/send-my-case","Intake","Back","Patient","Return without losing data","TC-CASE-015","NOT_RUN"
"/send-my-case","Intake","Continue","Patient","Validate and advance","TC-CASE-016","PASS"
"/send-my-case","Intake","Consent","Patient","Record submission consent","TC-CASE-017","NOT_RUN"
"/send-my-case","Intake","Submit","Patient","Create one submitted case","TC-CASE-018","PASS"
"/send-my-case","Confirmation","Copy case number","Patient","Copy reference","TC-CASE-019","PASS"
"/send-my-case","Confirmation","Track case","Patient","Open secure status route","TC-CASE-020","NOT_RUN"
"/track-case","Status recovery","Case reference","Patient","Enter reference","TC-PUB-010","NOT_RUN"
"/track-case","Status recovery","Email or WhatsApp","Patient","Enter recovery contact","TC-PUB-011","NOT_RUN"
"/track-case","Status recovery","Send secure link","Patient","Request enumeration-safe recovery","TC-PUB-012","NOT_RUN"
"/status/{token}","Status access","Choose Email/WhatsApp","Patient","Select OTP channel","TC-PUB-013","NOT_RUN"
"/status/{token}","Status access","Send code","Patient","Create OTP challenge","TC-PUB-014","NOT_RUN"
"/status/{token}","Status access","Verification code","Patient","Enter six digits","TC-PUB-015","NOT_RUN"
"/status/{token}","Status access","Verify","Patient","Open scoped status","TC-PUB-016","NOT_RUN"
"/status/{token}","Case status","Review proposal","Patient","Open exact released proposal","TC-PUB-017","PASS"
"/status/{token}","Information request","Choose file","Patient","Attach requested file","TC-PUB-018","NOT_RUN"
"/status/{token}","Information request","Remove file","Patient","Remove local attachment","TC-PUB-001","PASS"
"/status/{token}","Information request","Response text","Patient","Answer requested item","TC-PUB-002","PASS"
"/status/{token}","Information request","Submit information","Patient","Complete patient action","TC-PUB-003","PASS"
"/proposal/{token}","Proposal access","Switch channel","Patient","Revoke old and use other channel","TC-PROP-001","PASS"
"/proposal/{token}","Proposal access","Send code","Patient","Send OTP","TC-PROP-002","PASS"
"/proposal/{token}","Proposal access","Code input","Patient","Enter OTP","TC-PROP-003","PASS"
"/proposal/{token}","Proposal access","Verify","Patient","Issue view grant","TC-PROP-004","PASS"
"/proposal/{token}","Proposal access","Resend","Patient","Replace challenge idempotently","TC-PROP-005","PASS"
"/proposal/{token}","Decision","Acknowledgement checkbox","Patient","Capture evidence","TC-PROP-006","PASS"
"/proposal/{token}","Decision","Continue","Patient","Acknowledge exact version","TC-PROP-007","PASS"
"/proposal/{token}","Decision","Request changes","Patient","Create coordinator work","TC-PROP-008","PASS"
"/proposal/{token}","Decision","Decline","Patient","Decline exact version","TC-PROP-009","PASS"
"/proposal/{token}","Decision dialog","Topic","Patient","Classify revision request","TC-PROP-010","NOT_RUN"
"/proposal/{token}","Decision dialog","Message","Patient","Explain request","TC-PROP-011","PASS"
"/proposal/{token}","Decision dialog","Confirm/Cancel","Patient","Submit or dismiss decision","TC-PROP-012","PASS"
"/activate/{token}","Activation access","Choose Email/WhatsApp","Patient","Select OTP channel","TC-ACT-001","PASS"
"/activate/{token}","Activation access","Send code","Patient","Send OTP","TC-ACT-002","PASS"
"/activate/{token}","Activation access","Code input","Patient","Enter OTP","TC-ACT-003","PASS"
"/activate/{token}","Activation access","Verify","Patient","Open profile","TC-ACT-004","PASS"
"/activate/{token}","Activation profile","Given name","Patient","Confirm legal given names","TC-ACT-005","PASS"
"/activate/{token}","Activation profile","Family name","Patient","Confirm surname","TC-ACT-006","PASS"
"/activate/{token}","Activation profile","Single legal name","Patient","Use single-name model","TC-ACT-007","NOT_RUN"
"/activate/{token}","Activation profile","Preferred name","Patient","Capture optional display name","TC-ACT-008","PASS"
"/activate/{token}","Activation profile","Date of birth","Patient","Capture valid DOB","TC-ACT-009","PASS"
"/activate/{token}","Activation profile","Sex","Patient","Capture profile value","TC-ACT-010","PASS"
"/activate/{token}","Activation profile","Email choice","Patient","Use candidate or other email","TC-ACT-011","PASS"
"/activate/{token}","Activation profile","Email","Patient","Bind verified account email safely","TC-ACT-012","PASS"
"/activate/{token}","Activation profile","Mobile owner","Patient/Representative","Record ownership","TC-ACT-013","PASS"
"/activate/{token}","Activation profile","Phone","Patient","Bind normalized contact safely","TC-ACT-014","NOT_RUN"
"/activate/{token}","Activation profile","Nationality","Patient","Capture nationality","TC-ACT-015","NOT_RUN"
"/activate/{token}","Activation profile","Country of residence","Patient","Capture residence","TC-ACT-016","PASS"
"/activate/{token}","Activation profile","Preferred language","Patient","Set communications locale","TC-ACT-017","PASS"
"/activate/{token}","Activation profile","Consent checkboxes","Patient","Record required consents","TC-ACT-018","PASS"
"/activate/{token}","Activation profile","Complete profile","Patient","Activate/provision idempotently","TC-ACT-019","NOT_RUN"
"/activate/{token}","Account setup","Resend setup email","Patient","Resend one valid setup action","TC-ACT-020","NOT_RUN"
"/activate/{token}","Account setup","Continue to sign in","Patient","Start normal OIDC","TC-ACT-021","PASS"
"/activate/{token}","Deposit","Refresh status","Patient","Read authoritative deposit","TC-ACT-022","PASS"
"/activate/{token}","Deposit","Continue to My Care","Patient","Open linked current case","TC-ACT-023","PASS"
"/portal","Portal shell","Notifications bell","Staff/Patient","Open notifications","TC-NOTIF-001","PASS"
"/portal","Portal shell","Mark notifications read","Staff/Patient","Persist read state","TC-NOTIF-002","PASS"
"/portal","Portal shell","Account menu","Staff/Patient","Open account controls","TC-AUTH-001","PASS"
"/portal","Portal shell","Language","Staff/Patient","Persist locale preference","TC-AUTH-002","PASS"
"/portal","Portal shell","Sign out","Staff/Patient","End OIDC session","TC-AUTH-003","PASS"
"/portal","Queue","My Work tab","Staff","Show actionable assignments","TC-COORD-001","PASS"
"/portal","Queue","My Cases tab","Staff","Show accepted/owned cases","TC-COORD-002","PASS"
"/portal","Queue","Team queue tab","Coordinator lead","Show scoped shared work","TC-COORD-003","PASS"
"/portal","Queue","Needs ownership tab","Coordinator","Filter unowned work","TC-COORD-004","PASS"
"/portal","Queue","Search","Staff","Filter by safe metadata","TC-COORD-005","PASS"
"/portal","Queue","Filters","Staff","Open filter panel","TC-COORD-006","NOT_RUN"
"/portal","Queue","Clear all","Staff","Reset filters","TC-COORD-007","PASS"
"/portal","Queue","Sort","Staff","Order case cards","TC-COORD-008","PASS"
"/portal","Queue","Card/Table view","Staff","Change presentation","TC-COORD-009","PASS"
"/portal","Queue","Select row/page","Coordinator","Select eligible cases","TC-COORD-010","NOT_RUN"
"/portal","Queue","Bulk claim","Coordinator","Claim selected cases safely","TC-COORD-011","NOT_RUN"
"/portal","Queue","Bulk request information","Coordinator","Create patient actions","TC-COORD-012","NOT_RUN"
"/portal","Queue","Open","Staff","Open workspace","TC-COORD-013","NOT_RUN"
"/portal","Queue","Accept","Consultant/Staff","Accept pending assignment","TC-COORD-014","NOT_RUN"
"/portal","Workspace","Overview tab","Staff","Read authoritative case summary","TC-COORD-015","NOT_RUN"
"/portal","Workspace","Documents tab","Staff/Patient","List authorized documents","TC-COORD-016","NOT_RUN"
"/portal","Workspace","Messages tab","Staff/Patient","Open authorized thread","TC-NOTIF-003","PASS"
"/portal","Workspace","Activity tab","Staff","Read event history","TC-COORD-017","PASS"
"/portal","Workspace","Proposal tab","Staff/Patient","Read relevant proposal","TC-COORD-018","PASS"
"/portal","Workspace","Take ownership","Coordinator","Claim unowned case","TC-COORD-019","PASS"
"/portal","Workspace","Assign consultant","Coordinator","Create consultant assignment","TC-COORD-020","NOT_RUN"
"/portal","Workspace","Request information","Coordinator/Consultant","Create patient action","TC-COORD-021","PASS"
"/portal","Workspace","More actions","Staff","Expose valid secondary actions","TC-COORD-022","PASS"
"/portal","Documents","Preview","Authorized actor","Open correct document inline","TC-DOC-001","PASS"
"/portal","Documents","Download","Authorized actor","Download exact bytes","TC-DOC-002","PASS"
"/portal","Messages","Message text","Authorized actor","Compose message","TC-NOTIF-004","PASS"
"/portal","Messages","Send","Authorized actor","Persist and notify once","TC-NOTIF-005","PASS"
"/portal","Clinical review","Clinical recommendation","Consultant","Capture required recommendation","TC-CONS-001","PASS"
"/portal","Clinical review","Currency","Consultant","Choose supported proposal currency","TC-CONS-002","PASS"
"/portal","Clinical review","Catalog services","Consultant","Select approved services","TC-CONS-003","PASS"
"/portal","Clinical review","Off-list name/amount","Consultant","Add manual service","TC-CONS-004","PASS"
"/portal","Clinical review","Add/Remove off-list","Consultant","Manage draft items","TC-CONS-005","PASS"
"/portal","Clinical review","Clinical considerations","Consultant","Capture limitations","TC-CONS-006","PASS"
"/portal","Clinical review","Save draft","Consultant","Persist without progression","TC-CONS-007","PASS"
"/portal","Clinical review","Submit recommendation","Consultant","Complete work and hand back","TC-CONS-008","PASS"
"/portal","Clinical review","Exceptional outcome","Consultant","Select alternate outcome","TC-CONS-009","PASS"
"/portal","Clinical review","Outcome reason","Consultant","Justify alternate outcome","TC-CONS-010","PASS"
"/portal","Proposal","Prepare/Save proposal","Coordinator","Create draft from review","TC-PROP-013","NOT_RUN"
"/portal","Proposal","Release","Coordinator","Release only when gates ready","TC-PROP-014","PASS"
"/portal","Proposal","Resend link","Coordinator","Resend idempotently","TC-PROP-015","NOT_RUN"
"/portal","Deposit","Record payment","Finance","Append offline receipt","TC-DEP-001","PASS"
"/portal","Deposit","Record refund","Finance","Append refund","TC-DEP-002","PASS"
"/portal","Deposit","Waive","Finance","Audit waiver with reason","TC-DEP-003","PASS"
"/portal","My Care","Case selector","Patient","Choose linked case","TC-PAT-001","PASS"
"/portal","My Care","View proposal","Patient","Open exact version","TC-PAT-002","PASS"
"/portal","My Care","Documents","Patient","Open own documents","TC-PAT-003","PASS"
"/portal","My Care","Messages","Patient","Open own messages","TC-PAT-004","PASS"
"/portal","My Care","Profile & Security","Patient","Open account settings","TC-PAT-005","PASS"
